osm_id,code,fclass,population,name,X,Y
256842008,1001,city,29665,߃?׃߃?߃߃,105.96867270000,13.52712070000
256873493,1002,town,0,׃߃?׃߃߃,106.38689450000,14.11635750000
256873929,1002,town,0,׃߃?߃߃,106.97362840000,13.49985030000
256874025,1002,town,0,׃߃?ףץ׃߃,106.81379490000,13.97208780000
256889019,1002,town,48000,߃?׃߃?׃߃,104.88910820000,12.71262420000
256990829,1001,city,132264,߃?׃ש׃߃߃,102.97002740000,13.58840040000
256991275,1001,city,180318,߃?߃߃,103.19666590000,13.09985260000
256991787,1002,town,0,׃߃??߃,104.69967810000,13.81876200000
256992516,1001,city,0,߃?߃߃ף,104.97428710000,13.80126430000
256993179,1001,city,0,߃?׃߃߃߃,107.18651840000,12.45685610000
257709957,1003,village,0,?׃߃߃,105.07564920000,12.05894770000
257710244,1001,city,118242,߃?߃߃,105.46283460000,11.99218550000
257735781,1002,town,0,׃߃?߃߃ף߃,104.08120130000,14.23317420000
257838557,1001,city,171800,߃?׃߃,103.85903210000,13.36175620000
257877944,1003,village,0,Phum Stoeng Chak,103.38925610000,12.85498720000
257878115,1003,village,0,Pramaoy,103.09819990000,12.30150350000
257885052,1002,town,35990,߃?߃,104.31133490000,10.48279980000
257885151,1001,city,39186,߃?߃,104.17973390000,10.61830610000
257903613,1003,village,0,Preah Mias,106.87758200000,12.61567280000
257903618,1003,village,0,?߃߃߃߃,106.93096870000,12.58149710000
259119234,1001,city,209005,߃?߃߃׃ש?,103.52233650000,10.62204850000
281532287,1001,city,0,߃?߃,104.51963950000,11.46161810000
298242122,1003,village,4462,өө?ө?ө?ө,102.90836690000,11.65286170000
328850126,1001,city,52000,߃??߃ף,104.78356530000,10.98753840000
339080473,1020,island,0,Don Saddam,105.97300540000,13.94680400000
340209581,1003,village,0,Kach Roteh,103.34447500000,12.95244620000
369487945,1003,village,0,Sralau,105.59648630000,13.77536640000
369488187,1003,village,0,Srei Pang,106.37314470000,13.16776650000
369488427,1003,village,0,Ch? Sen,105.23162900000,13.56971860000
369488466,1002,town,0,׃߃?߃׃߃,105.25849450000,13.65106100000
369488765,1003,village,0,Ba Nev,107.11088920000,13.77500050000
369489011,1002,town,0,׃߃?߃ע,105.81845060000,11.15937410000
369490071,1003,village,0,Sra Ngue,102.95153980000,13.99166720000
369490139,1003,village,0,Srae Loa,102.98307690000,13.93369050000
369490335,1002,town,0,׃߃?׃߃ףץ,104.24278650000,13.54737690000
369490360,1003,village,0,?߃׃߃,104.24854220000,13.62954320000
369490444,1003,village,0,Ph. Beoung Mealea,104.22600090000,13.47215440000
369490766,1003,village,0,Rovieng Cheung,105.11134820000,13.33266370000
369490925,1004,hamlet,0,Savabay,107.15997610000,14.22837780000
369490937,1003,village,0,Krang,104.45676970000,13.37526300000
369490944,1004,hamlet,0,Khvav,104.48282280000,13.41909680000
369491122,1003,village,0,Phum Kdak,104.71016920000,13.65504070000
369491147,1003,village,0,Trayang,104.64247140000,13.56834970000
369491198,1003,village,0,Chansar Khang Cheung,104.35142160000,13.37088900000
369491219,1003,village,0,Chong Sdan,104.41222830000,13.42543940000
369493296,1002,town,0,׃߃?߃߃,106.11741930000,10.99498540000
369493317,1003,village,0,߃,106.16914590000,10.99866920000
369493362,1010,suburb,0,B?nh Th?nh,106.20987440000,11.01669540000
369493828,1002,town,0,߃?ף,106.14273850000,11.07078240000
369494127,1001,city,0,߃?߃߃,102.60786840000,12.85539150000
369494387,1001,city,0,߃?߃߃߃,106.02008940000,12.48895660000
369494658,1003,village,0,M?? Qu? T?y,106.20526610000,10.93368350000
369494782,1003,village,0,?߃߃߃,106.08118250000,10.87247370000
369494822,1003,village,0,?߃ע׃߃ש,106.13143160000,10.88417970000
369494871,1003,village,0,?p Vinh,106.20469580000,10.86552830000
369494900,1003,village,0,?p 2,106.17144720000,10.76879750000
369495120,1002,town,0,׃߃?߃߃߃߃,105.94048970000,10.92035900000
369495137,1003,village,0,Nhang T?y,105.94178890000,10.84221870000
369495263,1003,village,0,?ע,104.65736110000,10.94824420000
369495296,1003,village,0,Toek Sok,102.83620760000,12.51012650000
369495519,1002,town,0,׃߃?߃߃߃,104.66495990000,11.00658480000
369495533,1003,village,0,߃,104.51353920000,11.25888930000
369495566,1003,village,0,߃߃߃߃,104.58579900000,11.20893400000
369495913,1003,village,0,?߃߃߃߃,105.28461000000,11.90131830000
369495944,1002,town,0,׃߃?߃߃׃?,105.43994670000,11.88233520000
369496467,1003,village,0,Chumtang Luoch,102.62965290000,12.65830190000
369497396,1002,town,0,׃߃?׃߃?ף,103.62171810000,10.74315640000
369497420,1001,city,0,߃?߃?߃,102.98185920000,11.61100950000
369497916,1002,town,0,׃߃???׃,104.52593240000,12.05206900000
369498086,1003,village,0,߃߃,105.81415550000,11.32982790000
369498125,1002,town,0,׃߃?׃߃,105.79085730000,11.41244000000
369498619,1003,village,0,߃,105.52174710000,11.48316570000
369498655,1003,village,0,?߃?׃,105.71519130000,11.22544070000
369498703,1003,village,0,?߃߃׃߃,105.71324480000,11.52980460000
369499659,1003,village,0,߃׃߃,106.17733490000,11.93507430000
369499725,1003,village,0,?߃׃߃?,105.33108890000,12.33031480000
369499760,1003,village,0,?߃߃߃,105.93044380000,11.76674710000
369499782,1002,town,0,׃߃?߃߃,105.87775370000,11.79374550000
369499918,1002,town,0,Ta M?t,106.46523660000,11.86493020000
369500016,1003,village,0,߃?߃߃,106.33769360000,11.89293690000
369500159,1002,town,0,׃߃??߃׬,105.50196680000,11.79583980000
369500238,1003,village,0,߃߃׃߃ף,105.41963500000,11.68089350000
369500291,1003,village,0,?߃߃߃?,105.36586580000,11.73275490000
369500326,1003,village,0,߃߃׃,105.36722280000,11.82510000000
369500412,1002,town,0,׃߃?߃߃,105.89009190000,12.01786260000
369500451,1002,town,0,߃?׃ע,105.65327550000,11.91148770000
369500461,1003,village,0,?߃?ש,105.72178140000,11.75572500000
369500508,1002,town,0,׃߃?߃߃߃,105.55816070000,11.68898250000
369500600,1002,town,0,׃߃?߃,105.66287500000,11.57441820000
369500606,1003,village,0,Dang Kda,105.27373330000,12.59140450000
369500654,1003,village,0,Andong,105.57103160000,12.55927070000
369500772,1003,village,0,߃,105.81143650000,11.64348770000
369500810,1003,village,0,Xa M?t,105.98589090000,11.66285980000
369500846,1003,village,0,׃?߃,106.15448670000,11.75298940000
369500902,1003,village,0,?߃߃߃ף߃,106.33871380000,11.76739820000
369500987,1002,town,0,׃߃?߃߃,106.17677760000,11.82253600000
369501043,1003,village,0,׃?߃,106.37996970000,11.70817190000
369501203,1003,village,0,K? Tum,106.21613840000,11.66940350000
369501297,1003,village,0,Kbal Chuor,106.03373340000,12.61042390000
369501348,1002,town,0,׃߃?߃߃߃,104.71362030000,11.93849630000
369501398,1003,village,0,Tbeng Khpuos,104.65624830000,11.79095560000
369501403,1003,village,0,Sandan,106.02928720000,12.69594120000
369501474,1003,village,0,Krieng,105.96830290000,12.63832390000
369501591,1002,town,0,׃߃?׃߃ש߃,104.60228140000,11.87528200000
369501631,1003,village,0,Banteay Khmer,104.57026700000,11.61922000000
369501700,1003,village,0,Ampil Phsem,104.52739020000,11.56667750000
369501741,1003,village,0,?߃߃׃߃߃׃߃,104.70022980000,11.68374970000
369501901,1001,city,0,߃?߃߃ף߃,105.33636060000,11.48562260000
369502034,1003,village,0,߃߃ע׃,104.66505790000,11.44380460000
369502069,1002,town,0,׃߃?߃׃߃ע,104.73460460000,11.50828480000
369502254,1003,village,0,׃߃߃׃߃߃,104.75932430000,11.57386110000
369502341,1001,city,41700,߃?߃߃߃߃,104.66583890000,12.25360260000
369502767,1002,town,0,׃߃?׃߃߃,104.59384920000,11.47535110000
369502800,1003,village,0,߃ע׃,104.64723790000,11.35717980000
369502813,1002,town,0,׃߃?׃ש,104.62697580000,11.28941080000
369502906,1003,village,0,Peak Chamlak,106.05418330000,12.33616850000
369502994,1002,town,0,׃߃?߃߃߃׃߃ף,106.02989850000,12.35045690000
369503026,1003,village,0,Kaoh Chreng,106.03873140000,12.37486970000
369503088,1003,village,0,Trung Tr??c,105.83642050000,10.91984950000
369503093,1003,village,0,Roha,105.95553990000,12.46709930000
369503097,1004,hamlet,0,Prek Chik,105.97660810000,12.51526540000
369503119,1002,town,0,׃߃?׃߃ף,105.88064720000,11.04881710000
369503142,1002,town,0,Hai B?nh T?,105.77093640000,11.01703570000
369503178,1001,city,0,߃?׃߃ף߃,105.79748740000,11.08009500000
369503424,1002,town,0,׃߃?߃ף׃ש,106.87958010000,12.18842940000
369503497,1003,village,0,Chumni,106.88706850000,12.10701520000
369503630,1003,village,0,Khsim,106.40894240000,12.30349450000
369503717,1004,hamlet,0,Phum Stoeng Veng,102.98350770000,11.58778960000
369503781,1002,town,0,׃߃?߃׃ש,102.95393710000,11.56983030000
369503895,1002,town,0,׃߃?߃߃,104.65456480000,10.83937570000
369503971,1003,village,0,Kirivung,102.94278110000,11.77321270000
369504002,1004,hamlet,0,Veang Kham,106.87156190000,14.26273180000
369504064,1003,village,0,Pu Chri,107.22428860000,12.67874760000
369504099,1003,village,0,Ton Hon,104.59081700000,10.53662390000
369504360,1003,village,0,?,104.44190080000,10.44418960000
369504519,1003,village,0,Stung Tro,105.85897420000,12.36278240000
369504545,1003,village,0,Sre Pou,105.85717820000,12.53384900000
369504889,1003,village,0,Srei Mat,107.17829050000,13.31151660000
369504907,1003,village,0,?߃?߃,105.45092180000,11.38206850000
369504918,1003,village,0,Thman Koul,107.30177440000,13.31195930000
369504931,1002,town,0,׃߃?߃,105.28088180000,11.31780450000
369505013,1002,town,0,׃߃?߃߃,105.39892670000,11.25804670000
369505034,1002,town,0,׃߃?߃߃߃߃,105.47807830000,11.14015520000
369505042,1003,village,0,,107.42231610000,13.06980430000
369505068,1002,town,0,׃߃?߃׃,105.57664070000,11.32470440000
369505087,1003,village,0,?߃߃߃,105.54950470000,11.19238930000
369505127,1003,village,0,߃߃,105.45804120000,11.02109440000
369505153,1002,town,0,׃߃?߃߃׃߃߃,105.37699650000,11.11876560000
369505229,1003,village,0,?߃߃ף,105.38880880000,11.17071840000
369505343,1003,village,0,Ph. K?mpa Du,107.43856510000,13.75471240000
400817688,1004,hamlet,0,Leu,107.13775190000,14.30680250000
427635951,1020,island,0,Lopadi,105.84897930000,14.00942280000
433454534,1020,island,0,Don Thorlathy,105.87210200000,13.97741630000
458885352,1001,city,0,߃?߃߃߃߃,102.57083010000,13.65939620000
539342693,1004,hamlet,0,?߃߃,103.77770820000,13.41961320000
539342781,1003,village,0,Rumpung,103.66660000000,13.66065320000
539342788,1003,village,0,Kok Thmei,103.67863250000,13.68273040000
539342797,1004,hamlet,0,?߃?,103.74359400000,13.61281690000
539342801,1003,village,0,Kok Snuol,103.74229980000,13.68182880000
539342804,1003,village,0,Andoung Chas,103.75956010000,13.68550570000
539342836,1004,hamlet,0,?߃߃߃,103.77468800000,13.55618800000
539342842,1004,hamlet,0,?߃׃߃߃׃߃,103.86466760000,13.57904120000
539342855,1004,hamlet,0,?߃߃߃,103.83466630000,13.46715750000
560229438,1005,national_capital,2009264,ש߃߃߃,104.92244260000,11.56827100000
569878691,1003,village,0,߃,103.97397610000,13.35485700000
582826326,1004,hamlet,0,New Life Community,104.77099600000,11.78145090000
618035307,1003,village,0,Soay Sar,102.81320130000,12.85152970000
662451606,1002,town,0,׃߃?߃?ש,102.97915670000,13.49408610000
663390211,1001,city,0,߃?߃߃׃߃,103.91782350000,12.53775470000
663850377,1004,hamlet,0,Rovieng,103.55120490000,12.31871890000
670663892,1003,village,0,,106.19030810000,13.99772230000
671151202,1003,village,0,Srae Ampum,107.34005150000,12.54645900000
671151203,1050,locality,0,Bou Sra,107.41795460000,12.56662880000
676777338,1003,village,0,Kaoh Peak,106.90794800000,14.02985240000
678529317,1003,village,0,Chinese Village,106.80106550000,13.96528290000
678866123,1003,village,0,?߃?׽׃߃׃ש,104.63183350000,12.24697110000
740548107,1050,locality,0,Aureang Ranger Station,103.53105340000,11.62579310000
740629066,1050,locality,0,Thma Bang Ranger Station,103.43953090000,11.68434050000
741708292,1003,village,0,Oh Saom,103.20882690000,12.08226750000
741747292,1004,hamlet,0,Preo Pee,103.08064110000,12.54133390000
741747580,1003,village,0,Changha Svay,103.09831370000,12.87215600000
799638641,1004,hamlet,0,Ban Hang Khon,105.94831120000,13.93843900000
902928198,1002,town,0,?߃ף߃׃߃,104.74004190000,11.82109270000
902986703,1004,hamlet,0,?߃߃ש,104.84455690000,11.33625900000
903054421,1003,village,0,Kampong Khleang floating village,104.12733230000,13.10580790000
903054425,1003,village,0,Kaoh Chiveang floating village,103.65912530000,13.24050520000
903054430,1003,village,0,Chong Kneas floating village,103.82802030000,13.23404270000
907854556,1003,village,0,?߃?׃߃?,105.32127000000,12.17932480000
907854558,1003,village,0,?߃߃߃߃,105.12655370000,12.50040680000
946396772,1004,hamlet,0,DK 27,104.80322010000,11.44562560000
977705634,1003,village,0,Koun Khlong,103.36231720000,12.91872470000
1057540868,1003,village,0,?߃׽׃߃׃ש߃߃,105.00418470000,11.78679580000
1057541032,1002,town,0,׃߃?׃߃?,105.04938800000,12.56280430000
1058626176,1003,village,0,?߃߃߃,104.12196990000,13.24592960000
1058915812,1003,village,0,Kuhn Ream,104.00035670000,13.65199040000
1058915857,1003,village,0,Chuk Sou,103.98547560000,13.61624090000
1059330728,1002,town,0,׃߃?ע,103.72797390000,13.44120960000
1059330736,1002,town,0,׃߃?߃߃߃߃߃߃,103.27665710000,13.57466640000
1059330741,1004,hamlet,0,Phnum Lieb,103.35521480000,13.59633240000
1060132975,1003,village,0,Kampong Luong floating village,104.20839250000,12.57777170000
1060133002,1003,village,0,Svay Doun Kaev,103.64140510000,12.67235460000
1060194593,1003,village,0,Ponley,104.45981120000,12.43621090000
1061306947,1003,village,0,߃ש,103.76358960000,10.58291060000
1150739471,1003,village,0,?߃߃ ש ߃,104.98000470000,11.84113110000
1150751009,1003,village,0,?߃,104.92913440000,11.91264690000
1150754574,1004,hamlet,0,׃߃ף,104.95307930000,11.99761650000
1150790138,1003,village,0,?߃߃߃߃,104.96866070000,11.73675620000
1150794791,1003,village,0,?߃߃ף,104.96520240000,12.02735820000
1150809596,1003,village,0,߃߃,105.08971370000,12.12937160000
1150809600,1003,village,0,?߃׃߃߃,105.12263450000,12.19176740000
1150809602,1003,village,0,?߃׃߃ץ߃,105.07114010000,12.09849480000
1150819691,1003,village,0,?߃߃߃,104.99160110000,12.62548490000
1150829623,1003,village,0,Cheay Sampov,105.01260780000,12.84568900000
1150840162,1002,town,0,׃߃?׃߃߃,104.57160490000,12.93897340000
1152379532,1003,village,0,Krachap,102.74769260000,12.75689480000
1170902285,1004,hamlet,0,??߃,103.21764000000,13.07186880000
1170981828,1002,town,0,׃߃?߃,104.21004480000,12.52872790000
1196951142,1003,village,0,Tasang,102.85393320000,12.59821010000
1234128183,1002,town,0,׃߃?߃߃߃,104.46789960000,10.55719180000
1287005886,1003,village,0,?߃߃׃߃,104.67320340000,11.01307140000
1450199974,1003,village,0,Phsar Prom,102.49750020000,12.92874960000
1458175011,1003,village,0,?өөөө?өө?өө,102.45816750000,13.03580150000
1467552310,1003,village,0,Ta Seng,104.78113770000,13.40502510000
1588982895,1003,village,0,߃߃߃,103.78827960000,10.53605620000
1605432254,1002,town,0,׃߃?׃߃?߃߃,105.53883560000,12.25718130000
1606674149,1003,village,0,?߃ש,105.26944770000,11.94504210000
1608039337,1003,village,0,?߃׃?ש,104.70741230000,11.28742390000
1673264914,1002,town,0,ө?ө?ө?өөө,102.44511970000,13.08303870000
1679616293,1003,village,0,??k R?ng,107.57525760000,14.69678670000
1707196995,1003,village,0,Sra Aem,104.73189190000,14.23836280000
1744988288,1002,town,0,׃߃?߃߃߃׃,104.35622420000,14.19530830000
1752487098,1003,village,0,Rovieng Tbong,105.11495880000,13.35483820000
1756976406,1003,village,0,Daung,102.44657970000,13.08916150000
1765739946,1004,hamlet,0,Kla Kra Him,104.88812920000,10.59537870000
1765745655,1004,hamlet,0,Khla Krohuem Ka,104.86866330000,10.77309920000
1769099996,1001,city,17000,߃??,106.98736620000,13.74147540000
1769108360,1001,city,0,߃?߃߃,104.94511620000,11.46873950000
1787712983,1003,village,0,Mlu Prey,105.27468400000,13.80730360000
1787715105,1003,village,0,Sam Ang,105.85154580000,13.69692530000
1801605325,1003,village,0,Tani,104.66298720000,10.77716710000
1801605326,1003,village,0,Touk Meas,104.56128380000,10.66554260000
1814477701,1003,village,0,V?nh Ng?n,105.10527690000,10.72228110000
1814498127,1003,village,0,V?nh T??,105.04339620000,10.66879080000
1814498986,1003,village,0,Nhn H?ng,105.00352790000,10.65324950000
1814499043,1003,village,0,???ng H?ng,104.99846390000,10.63479600000
1814563129,1003,village,0,Ph?? H??a,104.99152330000,10.61801500000
1814563130,1003,village,0,T?y H?ng,104.99487930000,10.62526580000
1851249306,1004,hamlet,0,Tang Khiev Community,104.76969110000,11.78480500000
1854077512,1003,village,0,?߃߃߃߃ף,104.95873430000,11.16240210000
1858131865,1004,hamlet,0,׃߃?߃,104.91325640000,11.58290620000
1912489870,1002,town,0,׃߃?,104.94578310000,11.99310560000
1912506658,1002,town,0,׃߃?߃?,105.96060570000,12.25702380000
1912506660,1003,village,0,߃߃߃,105.93889050000,12.19355070000
1912509675,1003,village,0,߃ץ׃,105.69830710000,12.25022780000
1912509676,1002,town,0,׃߃?߃?߃,105.64998440000,12.27392180000
1912510168,1003,village,0,?߃߃߃ש,105.54660770000,12.14117780000
1912514269,1003,village,0,׃߃߃׃߃,105.54466910000,11.94461670000
1912514272,1003,village,0,?߃߃,105.62547870000,11.91436500000
1912514275,1004,hamlet,0,Tonle Bet,105.47755540000,11.96974260000
1912514278,1003,village,0,?߃ש߃,105.54730840000,12.09585040000
1912520123,1003,village,0,?߃׃߃߃,105.74201540000,11.87690660000
1912520125,1003,village,0,?߃߃߃߃?߃,105.78233320000,11.82867920000
1912552343,1002,town,0,׃߃?׃߃ע,106.42040150000,12.07221760000
1912552348,1003,village,0,߃,106.27616560000,11.82521770000
1912552388,1003,village,0,Sre Romduol,106.37350140000,11.96604890000
1912552445,1003,village,0,Kbal Trach,106.39879990000,12.03479810000
1912552536,1003,village,0,Kbal Chrum,106.40372010000,12.01699920000
1912562414,1003,village,0,O Am,106.88637220000,12.11223040000
1913689401,1003,village,0,?߃߃׃߃߃,105.41270890000,12.29968070000
1913691489,1004,hamlet,0,Ampel Mountain,105.45973660000,12.29142980000
1913768802,1003,village,0,Kchao village,105.42469880000,12.90185860000
1913769799,1003,village,0,Runteah village,105.42416240000,12.94161770000
1961312680,1002,town,0,׃߃?׃߃߃,103.26286160000,12.75502330000
1961313797,1002,town,0,׃߃?߃׽׃߃׃ש,103.44864150000,12.77575800000
1961315546,1003,village,0,Tippedey,103.26892400000,12.85957570000
1969340985,1003,village,0,Chamka Bei,104.39214560000,10.57773950000
1985974661,1003,village,0,Ta Nuk,103.14899740000,12.94937480000
1985974747,1003,village,0,Sdey,103.22322240000,12.95202670000
1985974827,1003,village,0,Robas Thnung,103.29943310000,12.97338580000
1985974837,1003,village,0,Kbal Thnol,103.32823010000,12.97976880000
2022622255,1002,town,0,߃?߃,104.91942730000,11.57726930000
2022623613,1002,town,0,߃߃,104.91066890000,11.56376490000
2022802976,1002,town,0,߃߃,104.91486860000,11.54521210000
2024110324,1002,town,0,߃߃,104.89847020000,11.53150890000
2026019028,1002,town,0,߃ע߃,104.89968720000,11.57386920000
2026084795,1002,town,0,߃߃߃,104.89142200000,11.50577320000
2026085956,1002,town,0,߃߃߃׃߃߃,104.85418780000,11.56209700000
2026101925,1002,town,0,߃׽׃߃׃ש߃ף,104.90375830000,11.62879270000
2026102703,1002,town,0,߃׃߃׃?,104.86924750000,11.57855570000
2052824913,1003,village,0,׃߃߃׃߃߃,104.83933900000,11.70011010000
2052832513,1002,town,0,߃߃߃߃߃,104.86086170000,11.65919150000
2072431655,1004,hamlet,0,?߃߃߃߃߃,104.84179180000,11.58306210000
2077065367,1004,hamlet,0,?߃߃߃,104.78834530000,11.58168140000
2077511731,1004,hamlet,0,׃߃߃?߃߃,104.92241420000,11.53337340000
2086005241,1004,hamlet,0,O,104.51206930000,13.42352440000
2086006747,1003,village,0,Pratheat,104.46655320000,13.38127690000
2145574313,1004,hamlet,0,Phaang,103.62317480000,14.30166590000
2145646486,1001,city,0,߃?׃߃߃,103.50923310000,14.17580590000
2145648689,1003,village,0,Banteay Chhmar,103.10528550000,14.06746580000
2146088921,1003,village,0,Osmach,103.69345150000,14.41415180000
2149948801,1003,village,0,Pong Moan,106.07458060000,13.43247620000
2152975982,1003,village,0,?߃ש,103.50895730000,11.31390600000
2158634399,1050,locality,0,Emerald Triangle,105.19887100000,14.34871130000
2162872653,1002,town,0,׃߃?߃߃׃߃,104.94308410000,14.21727130000
2162884425,1003,village,0,?߃߃,103.28139750000,14.16171820000
2173153742,1003,village,0,ө?ө?өөөөөөөө,102.54402360000,13.66494770000
2185803057,1003,village,0,Sala Vichey,104.94454080000,12.95086360000
2185804004,1003,village,0,?߃׃߃߃߃,104.39760540000,13.09107790000
2185810138,1003,village,0,߃?,104.00841000000,13.33669830000
2198101950,1003,village,0,Rong Pok,102.86875420000,12.72175410000
2199073102,1003,village,0,Kouk Kdouch,103.09190940000,13.26576010000
2217990264,1003,village,0,Sdao,102.97289830000,12.89179670000
2217990265,1003,village,0,Sneung,103.05095500000,12.96681610000
2217990266,1003,village,0,߃߃,102.89553250000,12.83448670000
2240814924,1003,village,0,?߃߃??,103.47563510000,11.18677760000
2240814956,1002,town,0,׃߃?׃߃߃߃,103.74545440000,11.11917860000
2242630550,1003,village,0,Pang Rolem,102.71689340000,12.81284740000
2245841306,1003,village,0,?߃߃߃߃?,104.21261010000,11.27724950000
2337334577,1003,village,0,?߃߃߃,104.72409560000,11.64294330000
2393663966,1050,locality,0,French Era Ghost Town,104.31584840000,10.48396370000
2405762747,1003,village,0,?????????,106.53735140000,14.59370620000
2429121117,1002,town,0,׃߃?߃׃߃ף,105.04999240000,11.50997830000
2435984099,1002,town,0,߃߃߃߃ף,104.91708460000,11.65341620000
2440086067,1010,suburb,0,߃߃߃߃,104.94017120000,11.54748450000
2593832393,1003,village,0,׃߃ף,105.07867290000,11.78384440000
2627872087,1003,village,0,Loa Ka,107.16751070000,12.49975510000
2627891057,1003,village,0,Dak Dam,107.30866040000,12.42080760000
2627915429,1002,town,0,׃߃?߃߃߃,107.04518370000,13.08035810000
2627993600,1002,town,0,׃߃???߃,106.99257400000,13.80183460000
2639446469,1050,locality,0,Phnom Den,104.92189700000,10.60975510000
2639446470,1002,town,0,T?nh Bi?n,104.94928870000,10.60466610000
2643762515,1004,hamlet,0,????? ???????,107.55000760000,14.70554730000
2645731260,1003,village,0,,107.11521380000,12.39024100000
2651676145,1004,hamlet,0,Ban Ke Toch,106.65435460000,13.98583840000
2651681600,1003,village,0,Samong,106.49617170000,14.07270900000
2651777934,1003,village,0,Rolung,107.23854830000,12.48561640000
2656002743,1050,locality,0,Victory Hill,103.50584610000,10.63492510000
2656017683,1050,locality,0,Downtown,103.52836730000,10.62359630000
2674339141,1002,town,0,׃߃?׃߃?,105.96519600000,12.77519980000
2684938515,1002,town,0,׃߃?߃ף,107.21448020000,13.68688980000
2687937841,1003,village,0,Kamlot,103.71064900000,11.46193010000
2698029469,1003,village,0,?߃߃׃߃,104.96488820000,11.57251900000
2702233116,1003,village,0,?߃?,105.11856560000,12.42917780000
2898715489,1003,village,0,Kampi,106.02407340000,12.61452050000
2905672920,1004,hamlet,0,M?c B?i,106.17709070000,11.07708580000
3029038980,1004,hamlet,0,R?ng D?u,106.15427620000,11.11117670000
3029038981,1004,hamlet,0,T?n L?p,106.15105750000,11.11530350000
3029038982,1004,hamlet,0,T? Beng,106.18046290000,11.09442270000
3029039008,1004,hamlet,0,Tr? G??,106.15912590000,11.09957780000
3043440633,1003,village,0,Reang Kesey,103.25970710000,12.97182130000
3043440694,1003,village,0,Srah Kaev,103.31285150000,13.01167810000
3043441102,1003,village,0,Svey Kang,103.25361380000,13.06447150000
3074982996,1002,town,0,߃߃߃߃,104.96674470000,11.52282630000
3075203128,1050,locality,0,Downtown,104.92509050000,11.57029910000
3075249125,1050,locality,0,߃߃߃߃ש߃?,104.94240690000,11.55363720000
3150473347,1002,town,0,?߃߃?,105.28684490000,11.26409050000
3252685163,1003,village,0,,105.13703160000,12.56724320000
3253351925,1003,village,0,Chumnik,103.24029510000,13.07709940000
3295304905,1003,village,0,Dong,103.15131380000,12.96830150000
3295306950,1003,village,0,Puk Chhma,103.26967380000,13.05217610000
3302039216,1004,hamlet,0,Chhak Rokar,102.75149740000,12.65239970000
3302039217,1003,village,0,Chisang,102.83895900000,12.85049130000
3302039218,1003,village,0,Chrangleng,102.76915380000,12.84649360000
3302039219,1003,village,0,O Svay,103.01389450000,12.93169090000
3302039220,1004,hamlet,0,Samlot,102.74110290000,12.67252770000
3302039221,1004,hamlet,0,Sre Andong,102.77682010000,12.64408940000
3302047144,1003,village,0,Ahlong Krasang,103.14592570000,12.87419960000
3302047145,1003,village,0,Sasar Pok,103.13972920000,12.89728400000
3302147988,1003,village,0,Svay Cheat,103.25135640000,12.92890520000
3302760062,1003,village,0,Anlong Vil,103.23443020000,13.08319450000
3302760063,1003,village,0,Pankha,103.28479310000,13.03908850000
3302760073,1003,village,0,Kampong Preah,103.29936120000,13.03129460000
3308526284,1003,village,0,Dob Krasang,103.37530000000,12.88495640000
3308526285,1003,village,0,Kakaoh,103.39858630000,12.84160600000
3308526286,1003,village,0,Prey Toch,103.37130090000,12.89503040000
3310022698,1003,village,0,Krang Svat,103.21583360000,12.71835070000
3325798843,1003,village,0,Os Tuk,103.34017280000,12.95890250000
3325798844,1003,village,0,Sala Trav,103.35228050000,12.94068270000
3354434793,1002,town,0,׃߃??,104.45481140000,10.83597390000
3419291332,1004,hamlet,0,???,104.95110050000,11.53069470000
3446807483,1003,village,0,M?? Qu? ???ng,106.20915720000,10.96881980000
3447766391,1003,village,0,?߃׃߃߃,106.12857160000,10.92836460000
3447779545,1004,hamlet,0,?p 4,106.21411330000,10.97542620000
3464934593,1050,locality,0,Koh Roka,105.20025620000,10.91372720000
3467119120,1002,town,0,׃߃?ף߃,107.10804290000,14.04728730000
3492537160,1002,town,0,׃߃?߃?׃,107.29701580000,13.86627590000
3492537161,1002,town,0,׃߃??߃ף,107.34831870000,13.66892240000
3492539643,1002,town,0,׃߃???߃,106.77222140000,13.58094400000
3655169541,1004,hamlet,0,,105.71079360000,13.64187950000
3655169726,1004,hamlet,0,,105.62799910000,13.67168600000
3679163771,1050,locality,0,Choeung Kou,103.80396630000,10.73600720000
3689914410,1050,locality,0,Pech Nil,104.10537280000,11.21048110000
3693381623,1002,town,0,׃߃?߃߃,105.25520280000,12.05578100000
3693381624,1003,village,0,,105.28251590000,12.05415740000
3693383478,1003,village,0,,105.30167750000,12.05508070000
3696691108,1003,village,0,,103.10551780000,13.63472750000
3712549925,1002,town,0,׃߃?߃?ש,104.97533080000,10.99583630000
3713740774,1010,suburb,0,Dara Sakor Seashore Resort Area (long-term project),103.14857080000,10.92854220000
3744037127,1004,hamlet,0,Dal,107.34140210000,13.85638680000
3744037129,1004,hamlet,0,Ta Lav,107.24982110000,13.93140460000
3744037192,1003,village,0,Taveng Krom,107.07647580000,14.07415900000
3744037193,1003,village,0,Phak Nam,106.92839750000,13.99392430000
3744037242,1003,village,0,Kalay,106.95050400000,13.83896130000
3751260106,1003,village,0,Kachon,106.84354700000,13.96954400000
3781831531,1004,hamlet,0,?ץ,103.73683570000,13.54142700000
3781834822,1004,hamlet,0,?߃ע,103.78423560000,13.54657960000
3781834823,1003,village,0,Kouk Trach,103.75674830000,13.54403460000
3781834824,1004,hamlet,0,?׃߃߃,103.80230730000,13.57282510000
3781834825,1004,hamlet,0,?߃߃ץ,103.77307760000,13.54121840000
3781834827,1004,hamlet,0,?߃߃߃,103.76569620000,13.54372170000
3781839641,1004,hamlet,0,?߃߃׽׃߃׃ש,103.72919670000,13.53512680000
3789362044,1050,locality,0,,104.74498310000,11.79471610000
3789367283,1003,village,0,߃߃?,105.09328160000,12.43318210000
3818341814,1004,hamlet,0,?߃߃߃߃߃,104.53664860000,13.79034180000
3856564266,1002,town,0,׃߃?ש׃,103.10045680000,10.94225240000
3889886693,1002,town,0,׃߃?ששף߃,104.87676910000,10.64001790000
3894591427,1002,town,0,׃߃?߃߃߃߃,104.94933200000,10.79892950000
3894598761,1002,town,0,׃߃?ש,104.81195770000,11.24079430000
3894601817,1002,town,0,׃߃?߃߃߃׃,104.94697260000,11.09492590000
3894614282,1002,town,0,׃߃?׃߃߃,104.80120790000,11.14209110000
3894621230,1002,town,0,׃߃??ש׃,105.01798780000,10.83404520000
3894629404,1002,town,0,׃߃?߃߃,104.77704610000,10.90674610000
3894778081,1002,town,0,׃߃?߃߃߃,105.05555950000,11.12567160000
3894778082,1002,town,0,׃߃?ץ߃,105.22771360000,11.17789290000
3894778083,1002,town,0,׃߃?,105.22450170000,11.10794660000
3894778084,1002,town,0,׃߃?׃߃,105.00371870000,11.36056120000
3894788841,1002,town,0,׃߃?߃ף׻,105.04853160000,11.54304270000
3895980512,1002,town,0,׃߃?߃,105.22892450000,11.66339530000
3895980513,1002,town,0,׃߃?׃߃ש߃,105.38077400000,11.77406660000
3895980514,1002,town,0,׃߃?׃߃ף߃߃,105.71529690000,11.11547900000
3895988286,1002,town,0,׃߃?߃ץ,105.29243570000,12.30134170000
3895988287,1002,town,0,׃߃?߃߃׃߃,105.42713240000,12.02101660000
3895988288,1002,town,0,׃߃?׃,105.27063080000,11.95053500000
3895992964,1002,town,0,׃߃?߃,105.07894450000,12.38928680000
3895998696,1002,town,0,׃߃?߃,105.33083290000,13.88333530000
3895998697,1002,town,0,׃߃?߃߃׃߃ף,104.82491070000,12.79157770000
3895998698,1002,town,0,׃߃?߃׃,103.99784460000,13.34214710000
3895998699,1002,town,0,׃߃?߃׃߃߃߃,104.94149300000,12.97826820000
3895998700,1002,town,0,׃߃?߃׃׃߃?,105.06766470000,12.87803020000
3895998701,1002,town,0,׃߃?ף߃,105.10844350000,13.34884860000
3895998702,1002,town,0,׃߃?׃߃߃,105.24598500000,13.10064230000
3895998703,1002,town,0,׃߃?׃߃߃ש,104.90465890000,13.58178560000
3895998704,1002,town,0,׃߃?׃?߃,104.13541390000,13.23760560000
3896000300,1002,town,0,׃߃?߃׃߃ש,103.96438760000,13.59220830000
3896006434,1002,town,0,׃߃??߃,107.16459630000,12.33204720000
3896006435,1002,town,0,׃߃?߃߃,107.42793500000,12.53922250000
3896006436,1002,town,0,׃߃?׃߃׃,106.09382400000,13.55088850000
3896018459,1002,town,0,׃߃?߃?߃,103.64645580000,13.68809630000
3896018460,1002,town,0,׃߃?߃߃,103.13233940000,14.23339440000
3896018461,1002,town,0,׃߃?ף߃,102.84259690000,13.27065840000
3896018462,1002,town,0,׃߃??߃,103.57027220000,13.95447910000
3896018463,1002,town,0,׃߃?߃߃,103.41298710000,13.60531330000
3896018464,1002,town,0,׃߃?߃߃,102.37098670000,13.56094610000
3896018465,1002,town,0,׃߃?߃߃׃߃?,103.39199070000,13.84625020000
3896018466,1002,town,0,׃߃?׃߃ש׃߃߃,103.51817660000,13.83305620000
3896018467,1002,town,0,׃߃?׃߃ף߃,102.96119800000,13.78376440000
3896018468,1002,town,0,׃߃?߃߃,103.08758630000,13.26014770000
3896018469,1002,town,0,׃߃?߃ע,103.05446380000,13.94949740000
3896018470,1002,town,0,׃߃?ף߃,103.75348130000,13.79410680000
3896048882,1002,town,0,׃߃?׻߃߃,103.23051210000,13.16319180000
3896048883,1002,town,0,׃߃?,103.79040790000,12.60301840000
3896048884,1002,town,0,׃߃?߃,103.13830630000,12.93659490000
3896048885,1002,town,0,׃߃??߃,104.46407070000,12.43929270000
3896048886,1002,town,0,׃߃?߃߃߃,104.72556870000,12.27458880000
3896048887,1002,town,0,׃߃?߃߃߃ף߃,103.76413480000,12.35055360000
3896048888,1002,town,0,׃߃?߃߃,104.66130260000,12.20598380000
3896048889,1002,town,0,׃߃?߃,102.96904650000,12.89642020000
3896048890,1002,town,0,׃߃?׃߃?,102.85237880000,12.62269160000
3896094944,1002,town,0,׃߃?שש,104.88153440000,12.15934910000
3896094945,1002,town,0,׃߃?߃׃߃߃,105.01696230000,11.75035230000
3896094946,1002,town,0,׃߃??߃?,104.96640120000,11.72978000000
3896094947,1002,town,0,׃߃?׺?߃,104.69448330000,11.68648170000
3896094948,1002,town,0,׃߃?׫,104.79747760000,11.81973470000
3896101746,1002,town,0,׃߃?׃߃߃,104.53058320000,11.14808340000
3896101747,1002,town,0,׃߃??߃ש,104.41907650000,10.92393980000
3896101748,1002,town,0,׃߃?߃,104.44598250000,10.70359250000
3896101749,1002,town,0,׃߃?߃߃׃߃ע,104.36918420000,11.38444600000
3896120269,1002,town,0,׃߃?߃׃,104.55717030000,10.67319870000
3896120270,1002,town,0,׃߃???׃,103.46265250000,11.19107310000
3896120271,1002,town,0,׃߃?߃߃߃ץ,104.36731000000,10.52665300000
3896120272,1002,town,0,׃߃?߃߃׃ש,103.90329980000,11.09925940000
3896120273,1002,town,0,׃߃?߃߃߃,103.79582580000,10.65240430000
3896133650,1002,town,0,׃߃??߃߃,104.12543150000,11.69080150000
3896133651,1002,town,0,׃߃?߃,104.38839650000,11.75142740000
3897529868,1002,town,0,׃߃?߃߃,103.43850900000,11.68936210000
3897532250,1002,town,0,׃߃?ץ߃߃,105.07178440000,12.05362600000
3897534742,1002,town,0,׃߃?ףף߃,103.10323030000,12.30736170000
3902462053,1002,town,0,׃߃?߃߃,102.48166670000,13.08911380000
3902462054,1002,town,0,׃߃?߃߃߃?,102.36039160000,13.32155970000
3902462055,1002,town,0,׃߃?׃߃߃,102.58546440000,12.95194610000
3902462056,1002,town,0,׃߃?׃߃߃?,102.39392900000,13.43169820000
3906042802,1002,town,0,׃߃?׃߃ש׃߃,105.08587450000,11.83635180000
3915606938,1002,town,0,׃߃?ף߃߃,105.94191700000,13.57177150000
3915640149,1002,town,0,׃߃?߃߃,103.86867470000,13.48654270000
3915640150,1002,town,0,׃߃?ש߃߃,104.33917860000,13.12970780000
3915640151,1003,village,0,?߃߃߃߃ש,104.33648020000,13.12386550000
3915648190,1002,town,0,׃߃??߃߃,102.76519070000,13.61291220000
3915654110,1002,town,0,׃߃?׃߃ף߃,105.42523840000,11.57291240000
3915663572,1002,town,0,׃߃?߃?ש,106.17423340000,12.46803520000
3915667311,1002,town,0,׃߃?׃߃?,105.95942060000,13.36121640000
3917989358,1003,village,0,׃߃??߃ש,103.39284530000,12.64019900000
3917989359,1002,town,0,׃߃?׃߃߃,103.24386730000,13.07445660000
3919649631,1002,town,0,׃߃?߃߃,103.95713070000,12.58986560000
3926506472,1002,town,0,׃߃?߃׃߃?,104.83305260000,11.41109280000
3929638117,1004,hamlet,0,Samaki,106.03133240000,13.57920220000
3929912093,1004,hamlet,0,?߃߃,104.91493030000,11.66864440000
3929912945,1003,village,0,׃߃߃߃߃߃,104.94174310000,11.67422940000
3929912946,1003,village,0,?߃߃߃׺߃ש,104.94013770000,11.62987700000
3934027755,1003,village,0,?߃߃߃߃߃,105.02251850000,11.46315840000
3935429181,1001,city,0,׃߃?߃?߃?߃,105.77792730000,11.89146910000
3941090418,1003,village,0,?߃߃ף߃,104.74656310000,11.87030740000
3972045688,1003,village,0,,102.61247180000,13.70674910000
3972045730,1003,village,0,,102.65574040000,13.72254270000
3972078731,1003,village,0,,102.73676270000,13.77302370000
3972078744,1003,village,0,,102.70291860000,13.76213940000
3972103197,1003,village,0,,102.67590500000,13.73685240000
3972113434,1003,village,0,,102.66151070000,13.68250030000
3972119719,1003,village,0,,102.73180060000,13.61905430000
3972119730,1003,village,0,,102.74184280000,13.65471250000
3976685715,1003,village,0,Kampong Phluk floating village,103.97386520000,13.21124090000
4015866261,1003,village,0,׃߃߃ע׃߃߃,104.91273900000,11.59165780000
4026123780,1003,village,0,,104.38341660000,11.36089160000
4100959591,1003,village,0,Pur Rieng,105.35748520000,11.52017730000
4100960602,1003,village,0,߃߃,105.16857330000,11.65829840000
4100967293,1003,village,0,Takao,105.36448110000,11.52509690000
4100974891,1003,village,0,Tnal Chey,105.36105770000,11.56100120000
4100992189,1003,village,0,Po Puos,105.37590230000,11.55098680000
4101000099,1004,hamlet,0,߃׃?߃߃?,105.15515320000,11.64319770000
4101000100,1004,hamlet,0,߃,105.15948600000,11.64014530000
4101000194,1004,hamlet,0,߃߃߃,105.16911700000,11.64460510000
4101010790,1004,hamlet,0,,105.15179900000,11.65187020000
4103904690,1050,locality,0,Krang K'ok,105.32811620000,11.22361470000
4103904691,1003,village,0,Kompung Soeng,105.34765810000,11.21707970000
4104478291,1003,village,0,Kraol Ko,105.62360790000,11.15123060000
4137570235,1003,village,0,Kh?nh An,105.11288430000,10.95749910000
4137570980,1002,town,0,Long B?nh,105.08338940000,10.95342610000
4137571213,1003,village,0,Kh?nh B?nh,105.07865010000,10.93204610000
4137571590,1003,village,0,Nhn H?i,105.04076060000,10.89465100000
4137571622,1003,village,0,Ph?? H?i,105.06490100000,10.83302120000
4137573497,1003,village,0,V?nh H?i ???ng,105.06672130000,10.79585670000
4137599019,1002,town,0,V?nh X?ng,105.18009810000,10.90780230000
4247632890,1003,village,0,Pong Teuk,105.88888060000,13.46231610000
4279278591,1050,locality,0,Pub Street,103.85447460000,13.35471610000
4310401612,1003,village,0,Srae Nouy,104.02697420000,13.80203540000
4391249070,1050,locality,0,ING-City,104.91967640000,11.49121300000
4403651870,1003,village,0,Ban Khao Saraphi,102.33380000000,13.50421740000
4418368636,1002,town,0,׃߃???,104.24966240000,10.60408230000
4418376675,1002,town,0,׃߃?߃߃߃,105.02174380000,13.85691390000
4418383667,1002,town,0,׃߃?߃߃߃,105.36594630000,11.53084570000
4418403339,1002,town,0,׃߃?߃߃?,103.12204600000,11.45603020000
4423257554,1003,village,0,Prey Khmer,104.66451520000,12.17143500000
4435537638,1003,village,0,La Bang Pir,106.97473550000,13.60794940000
4438812009,1050,locality,0,׃עף߃?,104.93261480000,11.56001180000
4438824761,1050,locality,0,Phnom Penh City Center (PPCC),104.90999410000,11.57635660000
4462692112,1003,village,0,?߃߃߃,105.10717000000,12.33200150000
4523374542,1050,locality,0,Si Phan Don,105.82137320000,14.04552740000
4578632039,1003,village,0,?߃߃?,103.27274800000,10.66606960000
4583488477,1003,village,0,߃߃׃߃߃,103.07197230000,11.46097760000
4666407331,1003,village,0,Tribal mirror,107.00101240000,13.81737610000
4666414982,1003,village,0,Loatian Village,106.79200680000,13.95250370000
4666423043,1003,village,0,Tribal,106.90838020000,14.03001250000
4666461864,1004,hamlet,0,?߃߃߃ף,105.16473480000,12.93444890000
4679536821,1004,hamlet,0,??߃߃,104.94040880000,11.56969920000
4682283078,1004,hamlet,0,Phum Kampong Chrey,104.81884750000,10.79669790000
4682789542,1003,village,0,?߃׃ש,107.04018270000,13.07601830000
4682789547,1003,village,0,?ע,107.01917020000,12.99945810000
4682789550,1003,village,0,?߃,107.00440740000,13.01945030000
4683903893,1004,hamlet,0,?߃߃,104.98655820000,10.96478210000
4688585617,1004,hamlet,0,?߃??,104.84237300000,11.29020260000
4688585618,1004,hamlet,0,??׃߃,104.84594930000,11.30255510000
4688585631,1003,village,0,?߃߃߃,104.83221330000,10.88654240000
4688585632,1003,village,0,?߃߃߃?,104.83099130000,10.85760980000
4688585633,1003,village,0,?߃ש߃,104.79830520000,10.80593150000
4688585634,1003,village,0,?߃߃ףף,104.71748140000,10.90050040000
4688585635,1003,village,0,?߃߃߃ש?߃,104.78249970000,10.84266240000
4688585636,1003,village,0,?߃߃߃׃߃?,104.78026610000,10.89410310000
4688585637,1003,village,0,?߃,104.75061770000,10.93332660000
4688585638,1003,village,0,?߃׃߃ע,104.88564480000,10.93727040000
4688585639,1003,village,0,?߃׃߃?,104.75133780000,10.79788260000
4688585640,1003,village,0,?߃׃߃߃,104.83648550000,10.80049480000
4688585641,1003,village,0,?߃׃߃߃߃,104.82926480000,10.95722180000
4688585642,1003,village,0,?߃߃,104.81042500000,10.90978490000
4688585643,1003,village,0,?߃߃,104.83685030000,10.82938100000
4688585644,1003,village,0,?߃߃߃ף,104.74087090000,10.86094810000
4688701434,1004,hamlet,0,?׃߃߃߃ף߃,104.71610180000,10.78383660000
4688701440,1004,hamlet,0,?߃?߃,104.75090220000,10.71675100000
4689313570,1004,hamlet,0,?߃ץ,104.99430240000,10.69382810000
4689313571,1004,hamlet,0,?߃,104.96211460000,10.69002610000
4689313572,1004,hamlet,0,?߃߃,104.96743400000,10.68900470000
4689313573,1004,hamlet,0,??,104.96448480000,10.68686140000
4689313574,1004,hamlet,0,?߃,104.96799660000,10.68503250000
4689313575,1004,hamlet,0,?,104.96702210000,10.68252690000
4689313576,1004,hamlet,0,?߃߃,105.02597900000,10.69179000000
4689313583,1004,hamlet,0,?߃߃,105.05298600000,10.69700390000
4689313584,1004,hamlet,0,?߃?߃߃,105.07339370000,10.71068500000
4689313585,1004,hamlet,0,?߃ש?߃,105.09358430000,10.73425680000
4689313586,1004,hamlet,0,?׃߃߃,105.05288320000,10.75070380000
4689313995,1004,hamlet,0,??ש׃,105.06462250000,10.76821270000
4689313996,1004,hamlet,0,?߃߃߃׃߃,105.05660110000,10.79804350000
4689949816,1004,hamlet,0,?߃߃?,104.94807460000,10.85473470000
4689949826,1004,hamlet,0,??߃ש,104.98234670000,10.85030050000
4689949850,1004,hamlet,0,?߃߃߃?,104.92525900000,10.73498720000
4690150379,1050,locality,0,Fishing Village,103.61207270000,10.54223790000
4690150380,1003,village,0,??,103.61870950000,10.50859010000
4690935937,1003,village,0,?߃,104.80751840000,11.06737630000
4694582975,1004,hamlet,0,?߃߃ץ,104.81547170000,10.79927150000
4695917250,1030,farm,0,,107.15932740000,12.33338600000
4697619582,1003,village,0,׃߃߃߃,104.79291460000,11.65516950000
4697619583,1004,hamlet,0,?߃,104.80017790000,11.66254480000
4697661168,1004,hamlet,0,?߃߃߃,104.77003490000,11.65897160000
4697661169,1004,hamlet,0,?߃߃߃,104.76881200000,11.64882000000
4697661170,1004,hamlet,0,?׃߃ף׺߃,104.75969790000,11.65032070000
4697954754,1004,hamlet,0,?߃߃߃,104.76869490000,11.64416680000
4697954755,1004,hamlet,0,?߃߃?,104.76772330000,11.63777070000
4697954756,1003,village,0,׃߃߃߃׃߃,104.76364310000,11.62907280000
4697954757,1004,hamlet,0,?߃߃,104.76560240000,11.62608260000
4697954759,1004,hamlet,0,?߃,104.76313390000,11.62259800000
4697954760,1004,hamlet,0,?߃߃׃߃ף,104.76757820000,11.62111820000
4697954761,1004,hamlet,0,?߃߃߃,104.77991150000,11.62335990000
4697954762,1004,hamlet,0,?ע߃׃߃,104.74899670000,11.61793370000
4697954764,1004,hamlet,0,?߃߃߃׃߃,104.75532020000,11.60958000000
4697954765,1004,hamlet,0,?׃߃,104.75067040000,11.60833710000
4697954766,1004,hamlet,0,?߃߃׃߃ע,104.74621610000,11.61053010000
4697954767,1004,hamlet,0,??߃߃,104.75710210000,11.59815100000
4697954768,1004,hamlet,0,?߃߃߃߃,104.73972330000,11.60021710000
4697954769,1004,hamlet,0,?߃߃׃߃?,104.74463590000,11.60198000000
4697954771,1004,hamlet,0,?߃߃߃,104.75453550000,11.59366510000
4697954772,1004,hamlet,0,?߃߃߃,104.74866480000,11.59419310000
4697954773,1004,hamlet,0,?߃߃߃,104.75316590000,11.58034350000
4697954774,1004,hamlet,0,?߃߃߃׃,104.74792010000,11.57829750000
4697954776,1004,hamlet,0,?߃߃߃?,104.74096100000,11.57183250000
4697954777,1003,village,0,׃߃߃׬߃,104.74566440000,11.56912980000
4697954778,1004,hamlet,0,?ע߃,104.75689910000,11.57396690000
4697954779,1003,village,0,׃߃߃׃߃߃,104.76964440000,11.57899920000
4698465091,1004,hamlet,0,?߃,104.74905230000,11.55816580000
4698465092,1004,hamlet,0,??߃ץ,104.74580490000,11.55422820000
4698465093,1004,hamlet,0,?߃,104.75237340000,11.54469710000
4698465099,1004,hamlet,0,?߃׃߃,104.72155470000,11.84630730000
4698465102,1004,hamlet,0,?߃߃߃߃߃,104.71430210000,11.83527250000
4698465115,1004,hamlet,0,?߃߃߃?,104.83741250000,11.23791130000
4698690010,1004,hamlet,0,?ץ߃߃,104.73527790000,11.24799500000
4698690014,1003,village,0,?߃?,104.73981770000,11.26387180000
4698690015,1004,hamlet,0,?߃,104.73671900000,11.27236440000
4698690016,1004,hamlet,0,?߃߃,104.73752540000,11.28264810000
4698690017,1004,hamlet,0,?׃߃?,104.74972790000,11.27785670000
4698690021,1004,hamlet,0,?߃׃,104.76124610000,11.29264180000
4698690022,1004,hamlet,0,?߃,104.76205040000,11.30421110000
4698690023,1004,hamlet,0,??߃߃,104.75893020000,11.31792900000
4698690030,1004,hamlet,0,?߃׃,104.76251780000,11.32581220000
4698690031,1003,village,0,?߃߃߃,104.76436300000,11.31414460000
4698690032,1004,hamlet,0,?߃׽׃߃׃ש,104.88101200000,11.32923640000
4698690033,1003,village,0,?߃߃׃,104.90049290000,11.32812580000
4698690042,1004,hamlet,0,?߃߃߃ף,104.90662070000,11.32525830000
4698690043,1004,hamlet,0,?߃߃׃߃ף,104.91506190000,11.31687210000
4698690049,1003,village,0,?߃?ף,105.02126720000,11.30625600000
4698917342,1003,village,0,?߃߃?,105.00379460000,11.36139910000
4698917349,1004,hamlet,0,?߃߃׃߃,105.00990450000,11.35509450000
4698917350,1004,hamlet,0,?׃߃ףש,105.01773200000,11.34767860000
4698917360,1003,village,0,?߃߃߃߃׃߃߃,105.04752730000,11.31839640000
4698917362,1004,hamlet,0,?߃?,105.06161390000,11.32183720000
4698917364,1004,hamlet,0,?߃߃߃?,105.06329300000,11.31330990000
4698917365,1003,village,0,?߃?ף,104.44606790000,10.43605970000
4699676725,1004,hamlet,0,?ץ׻,104.89953130000,11.49615250000
4699676726,1004,hamlet,0,?߃,104.89735050000,11.48707970000
4699676727,1004,hamlet,0,?ע׃,104.89958880000,11.48363130000
4699676728,1004,hamlet,0,?׃߃?߃,104.90318710000,11.47899070000
4699676729,1004,hamlet,0,??ש߃,104.89527820000,11.50034950000
4699676730,1004,hamlet,0,?߃߃߃,104.89903050000,11.46262490000
4699676731,1004,hamlet,0,?߃߃߃?,104.90712280000,11.45105610000
4699676733,1004,hamlet,0,?߃,104.88639230000,11.52205930000
4699676734,1004,hamlet,0,?׃߃ע,104.89018210000,11.51748720000
4699676735,1004,hamlet,0,?߃ש,104.88995670000,11.50512150000
4703202996,1003,village,0,׃߃߃߃߃׃߃,104.93585010000,11.55130310000
4703202997,1003,village,0,׃߃߃?߃ש ߃,104.91784970000,11.54777100000
4703202998,1003,village,0,׃߃߃?߃ש ߃,104.91847990000,11.55299170000
4703202999,1003,village,0,׃߃߃?߃ש ߃,104.92499880000,11.55045540000
4703203000,1003,village,0,׃߃߃?߃,104.91336690000,11.55323520000
4703203001,1003,village,0,׃߃߃ע׃߃ף߃߃ש ߃,104.90620180000,11.55436170000
4703203002,1003,village,0,׃߃߃߃߃?,104.90490280000,11.54573000000
4703203003,1003,village,0,׃߃߃ע߃?ש ߃,104.91713450000,11.54020980000
4703203004,1003,village,0,׃߃߃ע߃?ש ߃,104.91173600000,11.53908170000
4703203005,1003,village,0,׃߃߃߃׃ץ߃?ף,104.91950390000,11.53011200000
4703203006,1003,village,0,׃߃߃?߃߃,104.92244900000,11.54069430000
4704714095,1003,village,0,׃߃߃߃׃߃שש ߃,104.92148640000,11.57084890000
4704714096,1003,village,0,׃߃߃߃׃߃שש ߃,104.91948830000,11.56901960000
4704714097,1003,village,0,׃߃߃߃׃߃שש ߃,104.92373400000,11.56646410000
4704714098,1003,village,0,׃߃߃?߃,104.92182370000,11.56069820000
4704714099,1003,village,0,׃߃߃߃׃߃ש ߃,104.92889380000,11.56904610000
4704714100,1003,village,0,,104.92670050000,11.56774770000
4704714101,1003,village,0,׃߃߃??,104.93103130000,11.55890620000
4704714102,1003,village,0,׃߃߃߃߃߃,104.93187580000,11.56354540000
4704714103,1003,village,0,׃߃߃߃׃׃߃,104.92616680000,11.57134550000
4704714104,1003,village,0,׃߃߃׃߃߃,104.91985360000,11.58374160000
4704714105,1003,village,0,׃߃߃ף߃߃߃,104.92355810000,11.57474640000
4705968110,1003,village,0,?߃׃߃,104.87788870000,11.41509770000
4706112295,1003,village,0,׃߃߃?׼׃߃׃שש ߃,104.91724290000,11.56369230000
4706112296,1003,village,0,׃߃߃?׼׃߃׃שש ߃,104.91383750000,11.56304650000
4706112297,1003,village,0,׃߃߃?׼׃߃׃שש ߃,104.91588760000,11.56540180000
4706112298,1003,village,0,׃߃߃?׼׃߃׃שש ߃,104.91807140000,11.56560460000
4706112299,1003,village,0,׃߃߃߃߃,104.91719130000,11.56942310000
4706112300,1003,village,0,׃߃߃߃,104.91139500000,11.56934400000
4706112301,1003,village,0,׃߃߃ףף߃,104.90940890000,11.56247430000
4706112302,1003,village,0,׃߃߃?߃?,104.91739530000,11.55950670000
4706112303,1003,village,0,׃߃߃߃׃߃߃?ש ߃,104.90293620000,11.56902090000
4706112304,1003,village,0,׃߃߃߃׃߃߃?ש ߃,104.90319490000,11.56562310000
4706112305,1003,village,0,׃߃߃߃׃߃߃?ש ߃,104.90457100000,11.56261520000
4706112306,1003,village,0,׃߃߃?߃߃ש ߃,104.89402960000,11.56748480000
4706112307,1003,village,0,׃߃߃?߃߃ש ߃,104.89555870000,11.56378320000
4706112308,1003,village,0,׃߃߃?߃߃ש ߃,104.89170800000,11.55745060000
4706112309,1003,village,0,׃߃߃?߃ש ߃,104.89742460000,11.58295360000
4706112310,1003,village,0,׃߃߃?߃ש ߃,104.89199290000,11.57644950000
4706112311,1003,village,0,׃߃߃߃׃ץ,104.90424090000,11.55782760000
4706112312,1003,village,0,׃߃߃?׃,104.89791440000,11.55331210000
4706112313,1003,village,0,׃߃߃߃߃,104.88630870000,11.49608880000
4706112314,1004,hamlet,0,?߃ף,104.89796380000,11.50544430000
4706112315,1004,hamlet,0,?ש,104.88777390000,11.49867280000
4706112316,1004,hamlet,0,??,104.88977100000,11.47396560000
4706112317,1003,village,0,׃߃߃?,104.82369340000,11.47631900000
4706112318,1004,hamlet,0,?߃߃,104.83071560000,11.46127050000
4706112319,1004,hamlet,0,?߃߃,104.82673260000,11.46025770000
4706112320,1004,hamlet,0,??,104.81837530000,11.46526710000
4706112321,1004,hamlet,0,?ף߃׃߃߃,104.81196560000,11.46058860000
4706112322,1004,hamlet,0,?׃߃߃߃,104.81676490000,11.48144370000
4706112323,1004,hamlet,0,?߃߃׃߃,104.82465400000,11.48055730000
4706112324,1004,hamlet,0,?߃߃ש(),104.82441750000,11.49331640000
4706112325,1004,hamlet,0,?߃߃ש(),104.81816310000,11.49345400000
4706112328,1004,hamlet,0,?߃߃߃,104.82899920000,11.49694950000
4706112329,1004,hamlet,0,?߃߃׃,104.83493620000,11.49448090000
4706112336,1003,village,0,׃߃߃߃߃ף߃,104.83976810000,11.47562900000
4706112341,1004,hamlet,0,?߃߃߃,104.83743970000,11.47909650000
4706112342,1004,hamlet,0,?߃߃,104.84542940000,11.47488480000
4706112343,1004,hamlet,0,?߃߃,104.84220710000,11.48695980000
4706112370,1004,hamlet,0,?߃߃?,104.83885760000,11.49633530000
4706112371,1004,hamlet,0,?ע׃߃?,104.84405310000,11.46320270000
4706112372,1003,village,0,׃߃߃߃߃׃,104.86180290000,11.49643740000
4706151235,1004,hamlet,0,?,104.87588090000,11.47891960000
4706151236,1004,hamlet,0,?߃߃,104.86699290000,11.47665480000
4706151237,1004,hamlet,0,?߃,104.86756680000,11.49719810000
4706151238,1004,hamlet,0,?߃߃ע,104.86194140000,11.50091090000
4706151239,1004,hamlet,0,?߃߃߃,104.85490640000,11.50080170000
4706151240,1004,hamlet,0,?߃߃ש?,104.84827640000,11.49785980000
4706151241,1004,hamlet,0,?߃߃׃,104.85679430000,11.49254030000
4706151242,1004,hamlet,0,?߃߃߃ש,104.87298600000,11.48808910000
4706151243,1004,hamlet,0,?߃߃׃߃ף,104.89031700000,11.44328690000
4706151244,1004,hamlet,0,?߃߃߃,104.80971190000,11.44295730000
4706151245,1004,hamlet,0,?߃߃׃߃ף,104.81560290000,11.44078100000
4706151246,1003,village,0,׃߃߃߃߃,104.79580310000,11.46919000000
4706151247,1004,hamlet,0,?߃߃׃߃,104.80921200000,11.48137620000
4706151248,1004,hamlet,0,?߃׃,104.80210410000,11.47931220000
4706151249,1004,hamlet,0,?߃߃ף߃,104.83652050000,11.46419280000
4706151250,1004,hamlet,0,?߃߃ף߃ץ,104.83998570000,11.46549580000
4706151251,1003,village,0,׃߃߃׃߃׃߃߃,104.83488480000,11.44459660000
4706151252,1004,hamlet,0,?,104.82687100000,11.44162520000
4706151258,1004,hamlet,0,?׃߃ע,104.84038460000,11.44745010000
4706256448,1003,village,0,׃߃߃,104.84005710000,11.43817880000
4706256449,1004,hamlet,0,?,104.84099120000,11.44024150000
4706256450,1004,hamlet,0,?ף߃߃,104.83350430000,11.43966600000
4706256451,1004,hamlet,0,׃߃ש׃߃߃,104.82843850000,11.43692780000
4706256452,1004,hamlet,0,?߃߃׃߃,104.83065650000,11.43368410000
4706256453,1003,village,0,׃߃߃߃߃߃?׃,104.90222030000,11.44622010000
4706256454,1004,hamlet,0,?߃߃߃?׃,104.89914090000,11.45800830000
4706256455,1004,hamlet,0,?߃߃߃,104.91372170000,11.44528240000
4706748744,1004,hamlet,0,?߃߃׃߃߃,104.92171480000,11.44667210000
4706748745,1004,hamlet,0,?׃߃ש׃߃߃,104.90332080000,11.44050370000
4706748746,1003,village,0,׃߃߃ע׃,104.87277460000,11.43570240000
4706748747,1004,hamlet,0,?߃ץ߃߃,104.86624950000,11.44061440000
4706748748,1004,hamlet,0,?߃߃?,104.87205160000,11.43828580000
4706748749,1004,hamlet,0,?߃,104.87759560000,11.43404390000
4706748750,1003,village,0,׃߃߃׃߃߃,104.87451800000,11.46281050000
4706748751,1004,hamlet,0,?߃׬?,104.86860830000,11.45538690000
4706748752,1004,hamlet,0,?߃,104.86758830000,11.45904950000
4706748753,1004,hamlet,0,?߃?߃߃,104.86847530000,11.46410150000
4706748754,1004,hamlet,0,?׃߃߃,104.86785150000,11.47048500000
4706748755,1004,hamlet,0,?׃߃ף߃߃,104.87321290000,11.47598950000
4706748756,1004,hamlet,0,?,104.87749880000,11.47632830000
4706748757,1004,hamlet,0,??,104.88258500000,11.47614480000
4706748758,1004,hamlet,0,?߃߃߃߃,104.89100450000,11.47000860000
4706748759,1003,village,0,׃߃߃߃,104.85672890000,11.43924380000
4706748760,1004,hamlet,0,?߃ש,104.84986310000,11.44052580000
4706748761,1004,hamlet,0,?߃,104.85048490000,11.44939420000
4706748762,1004,hamlet,0,?߃??,104.85567210000,11.45214710000
4706748772,1004,hamlet,0,?׃,104.85949690000,11.45227560000
4706748773,1004,hamlet,0,?߃߃,104.85816650000,11.45022440000
4706748774,1004,hamlet,0,?߃߃߃?,104.85942520000,11.43648890000
4707027194,1003,village,0,׃߃߃׃߃?߃,104.89146690000,11.53890380000
4707027195,1004,hamlet,0,?߃߃߃,104.89853490000,11.54142870000
4707027196,1004,hamlet,0,?߃,104.89780490000,11.54525260000
4707027197,1004,hamlet,0,?߃߃߃,104.89274840000,11.53799770000
4707027198,1003,village,0,׃߃߃?߃߃,104.90674850000,11.53061010000
4707027199,1004,hamlet,0,?߃ץ,104.90230690000,11.53782280000
4707027200,1004,hamlet,0,?߃߃߃߃,104.90010340000,11.52586210000
4707027201,1004,hamlet,0,?߃߃߃,104.91671490000,11.52304210000
4707027205,1003,village,0,׃߃߃߃߃߃,104.94771730000,11.50631740000
4707027207,1003,village,0,׃߃߃߃߃߃ש ߃,104.93852870000,11.52983820000
4707027208,1003,village,0,׃߃߃߃߃߃ש ߃,104.93810360000,11.53600960000
4707027209,1003,village,0,׃߃߃߃߃߃ץ,104.92796240000,11.52186310000
4707027210,1003,village,0,׃߃߃߃߃߃߃߃,104.93544960000,11.50411870000
4707027211,1003,village,0,׃߃߃߃,104.95371960000,11.52624690000
4707027212,1004,hamlet,0,?׼׃߃׃ש׃߃׃߃,104.94415670000,11.53340740000
4707027213,1003,village,0,׃߃߃߃߃߃,105.01021420000,11.50368770000
4707027214,1004,hamlet,0,?߃߃߃,105.01158570000,11.52972500000
4707027216,1004,hamlet,0,?߃,105.02648200000,11.52079890000
4707027217,1004,hamlet,0,?߃߃߃,105.01441880000,11.51553930000
4707027218,1003,village,0,׃߃߃߃߃׻,104.98869130000,11.52898490000
4707027219,1004,hamlet,0,?߃߃,104.99717330000,11.53640420000
4707027220,1004,hamlet,0,??߃߃,104.99206170000,11.52112450000
4707027221,1003,village,0,׃߃߃߃߃߃ש,104.98209090000,11.47039980000
4707027222,1004,hamlet,0,?߃?߃߃߃,104.96048870000,11.47894200000
4707027223,1004,hamlet,0,?߃߃߃ש,104.97169490000,11.46541210000
4707027224,1004,hamlet,0,?߃߃߃ש,105.00503610000,11.46944510000
4707027225,1003,village,0,׃߃߃ף׃߃?ף,104.97333480000,11.53101240000
4707027226,1004,hamlet,0,?׃߃ף?,104.97367830000,11.53059360000
4707027227,1004,hamlet,0,?߃ש?,104.96891810000,11.53813100000
4707027228,1004,hamlet,0,?ף׃߃?ף,104.97907050000,11.53388530000
4708768148,1004,hamlet,0,?߃,104.95811080000,11.89976120000
4708768149,1004,hamlet,0,?,104.93111090000,11.91228130000
4709266318,1003,village,0,?߃߃߃,104.63682550000,12.22779320000
4709266319,1003,village,0,?߃߃,104.63376850000,12.22518530000
4709266320,1003,village,0,?߃߃ץ,104.63923250000,12.22832490000
4710371309,1004,hamlet,0,?׃߃ף׃,105.06636910000,11.66350320000
4710371334,1004,hamlet,0,?׃߃?,105.06546110000,11.68711400000
4710371335,1004,hamlet,0,?߃߃߃,105.07934960000,11.66733500000
4710371336,1004,hamlet,0,??,105.08889830000,11.68623670000
4710371363,1004,hamlet,0,?߃߃,105.11089020000,11.67988170000
4710371364,1004,hamlet,0,?߃߃߃,105.10891560000,11.67389950000
4710992687,1004,hamlet,0,?߃ץ,105.12420580000,11.72531520000
4710992688,1004,hamlet,0,?߃,105.10950070000,11.72549500000
4710993104,1004,hamlet,0,?ש,105.10180190000,11.73928710000
4710993150,1003,village,0,׃߃߃׃߃ף߃,104.86930760000,11.64658890000
4710993151,1004,hamlet,0,?ש?߃߃߃߃ ߃,104.89926750000,11.61502910000
4710993152,1003,village,0,׃߃߃׼׃߃׃ש߃ף,104.91151770000,11.60598270000
4710993153,1003,village,0,׃߃߃߃߃߃߃߃ ߃,104.88362320000,11.63443620000
4710993154,1003,village,0,׃߃߃߃߃߃߃߃ ߃,104.89205450000,11.62285550000
4710993155,1003,village,0,׃߃߃߃߃߃ף,104.93500850000,11.58950420000
4710993156,1003,village,0,׃߃߃߃߃߃,104.91562640000,11.64465680000
4711182457,1003,village,0,׃߃߃߃߃,104.92875130000,11.70271520000
4711182458,1003,village,0,׃߃߃߃߃߃,104.93630370000,11.66474790000
4712033477,1003,village,0,׃߃߃߃ע,104.85933630000,11.62222820000
4712033479,1004,hamlet,0,?߃׃߃,104.87529060000,11.60182980000
4712033480,1004,hamlet,0,?߃ע,104.86863320000,11.61016780000
4712033481,1004,hamlet,0,?׃߃׃?ש ߃,104.84264320000,11.62348040000
4712033482,1004,hamlet,0,?׃߃׃?ש ߃,104.84306100000,11.61786270000
4712033483,1004,hamlet,0,?׃߃׃?ש ߃,104.84570030000,11.62370570000
4712033484,1004,hamlet,0,?׃߃׃?ש ߃,104.84604360000,11.61800980000
4712033485,1004,hamlet,0,?׃߃׃?ש ߃,104.84696630000,11.62376870000
4712033486,1004,hamlet,0,?׃߃׃?ש ߃,104.84737400000,11.61813590000
4712033487,1004,hamlet,0,?׃߃׃?ש ߃,104.84859700000,11.62383180000
4712033488,1004,hamlet,0,?߃߃߃,104.85518960000,11.63065610000
4712034389,1004,hamlet,0,?׃߃߃,104.84990860000,11.61285650000
4712034394,1003,village,0,׃߃߃߃߃߃߃ש,104.87269420000,11.58663960000
4712034395,1004,hamlet,0,?߃߃,104.86588680000,11.57467740000
4712034396,1004,hamlet,0,?߃߃߃߃ש,104.87850030000,11.57470650000
4712034399,1004,hamlet,0,?ש߃ש,104.86152640000,11.56863220000
4712092444,1004,hamlet,0,?߃߃,104.88679210000,11.58387740000
4712092445,1004,hamlet,0,?߃,104.87772300000,11.58252010000
4712092446,1004,hamlet,0,?߃,104.88149610000,11.59436110000
4712092447,1004,hamlet,0,?߃߃׃߃ף,104.86431090000,11.59509620000
4712092448,1004,hamlet,0,?߃߃,104.85284700000,11.57928790000
4712092449,1004,hamlet,0,?߃߃׃,104.85378940000,11.59104250000
4712092450,1004,hamlet,0,?߃߃,104.85263090000,11.57179950000
4712092451,1003,village,0,׃߃߃?߃,104.87724280000,11.55942490000
4712668567,1003,village,0,׃߃߃߃߃߃߃,104.85525090000,11.66532430000
4712668568,1003,village,0,׃߃߃׃߃߃,104.83515620000,11.68548730000
4712668569,1003,village,0,׃߃߃߃߃߃׃߃,104.79579200000,11.55353200000
4712668570,1003,village,0,׃߃߃߃,104.81846320000,11.59927970000
4712668571,1003,village,0,׃߃߃߃ץ߃߃߃߃,104.80508350000,11.49403050000
4712668572,1003,village,0,׃߃߃߃߃,104.84164050000,11.52394080000
4712668573,1003,village,0,׃߃߃,104.84422570000,11.55580730000
4712668574,1003,village,0,׃߃߃׃߃߃߃߃,104.80860260000,11.57516260000
4712668575,1003,village,0,׃߃߃߃߃߃߃,104.83796040000,11.58576560000
4712668576,1003,village,0,׃߃߃?߃,104.77159400000,11.47672470000
4712668577,1003,village,0,׃߃߃߃?,104.77463960000,11.54165950000
4712668578,1003,village,0,׃߃߃߃߃,104.78336270000,11.50613450000
4712668579,1004,hamlet,0,?߃߃߃,104.79672080000,11.50163680000
4713048849,1004,hamlet,0,?׃߃߃߃׃߃,104.88503740000,11.56660590000
4713048854,1004,hamlet,0,?ע߃߃,104.90147660000,11.60040510000
4713048855,1004,hamlet,0,??ש߃߃߃߃,104.88048150000,11.56643000000
4713048856,1004,hamlet,0,??߃߃ץ,104.87847090000,11.56073930000
4713048857,1004,hamlet,0,??߃߃,104.87386010000,11.56168070000
4713048858,1004,hamlet,0,?׃߃߃ץ,104.87424570000,11.55498340000
4713048859,1004,hamlet,0,?߃׃?߃,104.88020040000,11.56201090000
4713048860,1004,hamlet,0,??߃,104.87609020000,11.56526240000
4713048861,1004,hamlet,0,?߃߃?,104.88330420000,11.55093900000
4713048862,1004,hamlet,0,??߃߃,104.88757210000,11.55070610000
4713210198,1004,hamlet,0,?߃߃׃߃߃,104.79058140000,11.66879250000
4713210199,1004,hamlet,0,?߃߃߃ש,104.78127320000,11.66030760000
4713210200,1004,hamlet,0,?߃߃,104.86050550000,11.66537340000
4713210201,1004,hamlet,0,?߃ע׃,104.83989050000,11.70204800000
4713210202,1004,hamlet,0,?׃߃߃ץ,104.83163030000,11.69666770000
4713210203,1004,hamlet,0,?׃߃߃߃,104.83154190000,11.69153580000
4713210204,1004,hamlet,0,?׃߃߃߃?,104.83088470000,11.68460230000
4713330145,1004,hamlet,0,?߃߃߃׃߃,104.79933090000,11.53455600000
4713330146,1004,hamlet,0,?߃߃,104.81084860000,11.54884320000
4713330147,1004,hamlet,0,?߃?,104.80557820000,11.54499690000
4713330148,1004,hamlet,0,?߃߃??,104.80179460000,11.54549550000
4713330149,1004,hamlet,0,?߃߃߃?,104.79388970000,11.55068560000
4713330150,1004,hamlet,0,?߃߃,104.78822810000,11.54943290000
4713330151,1004,hamlet,0,?߃߃߃߃ש,104.78537560000,11.57530110000
4714549914,1004,hamlet,0,?߃߃ש,104.81342000000,11.49754110000
4714549915,1004,hamlet,0,?߃ץ߃߃߃߃,104.79184110000,11.48611730000
4714549916,1004,hamlet,0,?߃ץ߃߃߃߃ץ,104.79494190000,11.48587600000
4714549917,1004,hamlet,0,?߃߃?,104.80926600000,11.50331830000
4714549918,1004,hamlet,0,?עש,104.81784300000,11.50421200000
4714549919,1004,hamlet,0,?߃߃߃,104.79169860000,11.49777450000
4714549920,1004,hamlet,0,?߃?ף߃,104.81947030000,11.53405470000
4714557934,1004,hamlet,0,?߃߃߃߃,104.81904670000,11.54097790000
4716238994,1004,hamlet,0,?߃߃߃שץ,104.82696460000,11.53666130000
4716238995,1004,hamlet,0,?߃߃߃ש߃?,104.82778250000,11.52840650000
4716238996,1004,hamlet,0,?߃߃߃߃,104.82581120000,11.53242590000
4716238997,1004,hamlet,0,?߃߃,104.83251840000,11.54440310000
4716238998,1004,hamlet,0,?߃߃?߃,104.82166930000,11.51663470000
4716238999,1004,hamlet,0,?߃,104.82524240000,11.51392630000
4716239000,1004,hamlet,0,?׃߃߃߃߃,104.82925080000,11.50993430000
4716239001,1004,hamlet,0,?߃߃׃߃߃,104.83118390000,11.51870020000
4716239002,1004,hamlet,0,?߃߃߃?,104.82253190000,11.50416760000
4716239003,1004,hamlet,0,?߃߃׃߃?,104.83319880000,11.51120450000
4716239004,1004,hamlet,0,?߃߃߃,104.83714070000,11.50735140000
4716239005,1004,hamlet,0,?߃߃߃?,104.83249760000,11.50455220000
4717641116,1004,hamlet,0,?߃߃߃ף,104.83701690000,11.51504670000
4717641117,1004,hamlet,0,?߃߃߃߃,104.85389670000,11.51050850000
4717641118,1004,hamlet,0,?ע߃,104.87009520000,11.51778280000
4717641119,1004,hamlet,0,?߃߃߃?,104.85481150000,11.52785850000
4717641120,1004,hamlet,0,?߃߃,104.84319190000,11.52814240000
4717641122,1004,hamlet,0,?߃߃,104.84536260000,11.53833990000
4717641123,1004,hamlet,0,?߃߃߃,104.83573540000,11.52900650000
4717641124,1004,hamlet,0,?߃߃߃,104.86064750000,11.54461650000
4717641125,1004,hamlet,0,?߃,104.79688150000,11.51992230000
4717641126,1004,hamlet,0,???,104.80306260000,11.53146830000
4717641131,1004,hamlet,0,?߃߃ף,104.81350230000,11.53103040000
4718803964,1004,hamlet,0,?߃ף߃,104.77961590000,11.67684860000
4718803965,1004,hamlet,0,?׃߃߃߃,104.76844310000,11.67054140000
4718803967,1004,hamlet,0,?߃߃߃ף,104.86003740000,11.55509110000
4718803968,1004,hamlet,0,?߃߃߃?,104.85858420000,11.56109130000
4720170377,1004,hamlet,0,?߃߃ץ,104.85809840000,11.56398760000
4720170378,1004,hamlet,0,?ע,104.84925780000,11.56351240000
4720170379,1004,hamlet,0,?߃׬?,104.84414930000,11.56344060000
4720170380,1004,hamlet,0,?߃߃ש,104.84321590000,11.55639620000
4720170381,1004,hamlet,0,?,104.82834080000,11.56444160000
4720170382,1004,hamlet,0,?߃߃߃߃,104.82466650000,11.55628100000
4720170383,1004,hamlet,0,?߃߃׃,104.83615860000,11.56197510000
4720170384,1004,hamlet,0,?߃׃߃߃,104.81123460000,11.57327030000
4720170385,1004,hamlet,0,?߃߃,104.81222050000,11.57747740000
4720170386,1004,hamlet,0,?߃߃߃߃,104.81424000000,11.56904260000
4721460787,1004,hamlet,0,?߃ע,104.79375610000,11.57758200000
4721460788,1004,hamlet,0,?׃߃߃,104.80806040000,11.56311320000
4724304148,1004,hamlet,0,?߃߃߃,104.80816660000,11.55653420000
4724304149,1004,hamlet,0,?߃߃?,104.81487020000,11.55203320000
4724304150,1004,hamlet,0,?߃?,104.79300820000,11.59445130000
4724304151,1004,hamlet,0,?߃߃߃,104.78807090000,11.60008540000
4724359291,1004,hamlet,0,?߃߃,104.75996160000,11.46968160000
4724359292,1004,hamlet,0,???,104.76389680000,11.45891290000
4724359293,1004,hamlet,0,?߃߃׃ש ߃,104.77101810000,11.48575020000
4724359294,1004,hamlet,0,?߃߃׃ש ߃,104.77080770000,11.48292710000
4724454633,1004,hamlet,0,?߃,104.77273090000,11.49296750000
4724454634,1004,hamlet,0,?߃,104.77826620000,11.48478730000
4724454635,1004,hamlet,0,?߃߃,104.76265690000,11.47599540000
4724454640,1004,hamlet,0,?߃߃߃,104.75371500000,11.47577740000
4724454641,1004,hamlet,0,?ע׃߃ף,104.75030540000,11.48296240000
4724454642,1004,hamlet,0,?߃߃߃߃,104.74801360000,11.46285420000
4724454643,1004,hamlet,0,?߃߃׃߃ף,104.74759080000,11.45815820000
4724559192,1004,hamlet,0,?߃߃ע,104.79003260000,11.53083990000
4724559193,1004,hamlet,0,?ע߃,104.79404830000,11.54447400000
4724559194,1004,hamlet,0,?߃׃߃?,104.78382540000,11.52362840000
4724559195,1004,hamlet,0,?߃߃߃,104.78113940000,11.52633620000
4724559199,1004,hamlet,0,?׃߃,104.77475470000,11.52851110000
4724559200,1004,hamlet,0,?߃߃?,104.77321220000,11.53560380000
4724559201,1004,hamlet,0,?߃,104.78058540000,11.54276510000
4724559202,1004,hamlet,0,?߃?,104.78545850000,11.53668980000
4724559203,1004,hamlet,0,?߃,104.76211090000,11.55787060000
4724559204,1004,hamlet,0,?׃?,104.76857240000,11.55312980000
4724559205,1004,hamlet,0,?׃߃߃׃߃,104.76593820000,11.54346310000
4724559206,1004,hamlet,0,?߃߃,104.76411390000,11.53960190000
4724559207,1004,hamlet,0,?߃,104.75361980000,11.54685930000
4725216881,1004,hamlet,0,?ף߃,104.75240470000,11.53748620000
4725216882,1004,hamlet,0,?߃߃߃?,104.80471910000,11.51133360000
4727703546,1004,hamlet,0,?߃߃ץ,104.80293210000,11.51810450000
4727703547,1004,hamlet,0,?߃߃߃,104.81336470000,11.51183090000
4727703548,1004,hamlet,0,?߃߃?,104.78479150000,11.52159400000
4727703549,1004,hamlet,0,?߃߃,104.78391780000,11.50964740000
4727703550,1004,hamlet,0,?׃߃߃߃?,104.78925030000,11.50117110000
4727703561,1004,hamlet,0,?׃߃ע߃߃,104.77166920000,11.50893760000
4727703562,1004,hamlet,0,?߃߃?,104.77692180000,11.49610530000
4727703563,1004,hamlet,0,?߃,104.76673280000,11.51756050000
4727703564,1004,hamlet,0,?߃,104.76589110000,11.49796780000
4727703565,1004,hamlet,0,?߃߃߃,104.77749030000,11.51670070000
4728124666,1004,hamlet,0,?߃߃߃,104.72727570000,11.54664000000
4728124667,1004,hamlet,0,?߃߃߃,104.73823320000,11.54692890000
4728124668,1004,hamlet,0,??߃߃,104.74977580000,11.56149730000
4728124669,1004,hamlet,0,?߃,104.78503310000,11.56595010000
4728124670,1004,hamlet,0,?߃߃߃,104.77173910000,11.63053450000
4728124671,1004,hamlet,0,??߃,104.75830990000,11.64490170000
4728124672,1004,hamlet,0,??߃߃,104.76694970000,11.59597920000
4728124673,1004,hamlet,0,?ע,104.75460100000,11.61463120000
4735825105,1004,hamlet,0,?߃߃,104.75606510000,11.67656530000
4735825106,1004,hamlet,0,?߃߃,104.74510750000,11.66469450000
4735954021,1004,hamlet,0,?߃߃߃,104.77424480000,11.55648730000
4735954022,1004,hamlet,0,?߃ע߃?,104.77867540000,11.55842100000
4735954023,1004,hamlet,0,?߃עץ,104.78133150000,11.56117650000
4735954024,1004,hamlet,0,?,104.77735640000,11.56548950000
4735954025,1004,hamlet,0,?߃߃?,104.78199050000,11.55505490000
4735954026,1004,hamlet,0,?߃߃,104.76684050000,11.58377410000
4742725523,1004,hamlet,0,??,104.76822290000,11.56376140000
4742725524,1004,hamlet,0,??߃׃߃,104.76605890000,11.57324720000
4742725525,1004,hamlet,0,?߃߃,104.78087020000,11.57075920000
4742725526,1004,hamlet,0,?׃߃߃ץ,104.77762650000,11.57520430000
4742725527,1004,hamlet,0,?׃߃߃,104.77190800000,11.57494680000
4742725528,1004,hamlet,0,?߃׃,104.78407080000,11.58695290000
4742725529,1004,hamlet,0,?׃߃߃߃,104.78510350000,11.59332770000
4744945343,1004,hamlet,0,?߃׃߃׃,103.48922040000,11.21517760000
4744945394,1004,hamlet,0,?ש,103.52397140000,11.32824510000
4745718947,1003,village,0,?߃߃,103.01773920000,13.51040930000
4745718948,1003,village,0,?߃߃߃߃,102.97257520000,13.52625370000
4745718949,1003,village,0,?߃߃߃,102.89236590000,13.45695260000
4745718950,1003,village,0,?߃߃߃߃߃,103.13054960000,13.45929100000
4745718951,1003,village,0,?߃߃߃,103.10207920000,13.54976980000
4745718952,1003,village,0,?߃?߃׃,103.02241640000,13.44563280000
4745718953,1003,village,0,?߃߃߃?,103.02848670000,13.41043460000
4745718954,1003,village,0,?߃߃?,102.94645010000,13.48802250000
4745718955,1003,village,0,?߃׽׃߃׃ש߃߃,103.03462720000,13.54700750000
4745718956,1003,village,0,?߃׃߃ע,103.21064650000,13.43710270000
4745718957,1003,village,0,?߃׃?,102.83814830000,13.40984670000
4745718958,1003,village,0,?߃׃߃߃߃,103.09202260000,13.49370960000
4745718959,1003,village,0,?߃߃,103.11327020000,13.52118640000
4746460121,1003,village,0,Ph??c L?c,105.92399600000,11.37408500000
4746691615,1003,village,0,B??n C?u,105.88756100000,11.33825800000
4746691617,1003,village,0,L?? G??,105.88578000000,11.53694300000
4747646956,1003,village,0,?߃߃߃,103.40529180000,13.89182160000
4747646957,1003,village,0,?߃߃߃,103.35722990000,13.84019920000
4747646958,1003,village,0,?߃߃߃,103.21398680000,13.79270970000
4747646959,1003,village,0,?߃׃߃׃߃߃,103.39977600000,13.71168400000
4747646960,1003,village,0,?߃׃߃߃ש,103.31925280000,13.72759910000
4747646961,1003,village,0,?߃߃߃ש,103.38284260000,13.77045480000
4747719189,1003,village,0,?߃߃ע߃,103.09570030000,13.62257560000
4747719190,1003,village,0,?߃߃ףש,103.16819420000,13.66381490000
4747719191,1003,village,0,?߃߃߃߃,103.29285730000,13.53871450000
4747719192,1003,village,0,?߃߃׃,103.36409300000,13.44903700000
4747719193,1003,village,0,?߃߃߃߃߃߃߃,103.16540960000,13.57540570000
4747719194,1003,village,0,?߃,103.24456870000,13.62486370000
4747719195,1003,village,0,?߃߃,103.22103370000,13.70862740000
4747719196,1003,village,0,?߃?߃,103.37852910000,13.63106720000
4747719197,1003,village,0,?߃?׃߃?ף,103.07927320000,13.69699070000
4751002183,1010,suburb,0,?߃?,104.90941000000,11.52095000000
4769748689,1050,locality,0,Cham Yeam,102.91107630000,11.65040330000
4778741138,1003,village,0,T?n Kh?nh H??a,104.64410470000,10.52589330000
4784847295,1004,hamlet,0,?߃߃׃߃,104.58009880000,11.07048380000
4784847296,1003,village,0,?߃߃߃߃ץ,104.56881120000,11.05124070000
4785189395,1003,village,0,Kamchay Mear Cheung,105.68776020000,11.61625880000
4791203424,1003,village,0,B?nh Ch?u,105.84353000000,10.84565600000
4791203431,1003,village,0,R?ch ??nh,105.86563100000,10.83229400000
4791203521,1003,village,0,?p M?t,105.81172900000,10.93630400000
4791203522,1003,village,0,?p M?t,105.70727400000,10.98425100000
4791294285,1003,village,0,B?nh B?c,106.01278800000,10.84005000000
4791294783,1003,village,0,?p Hai,105.95755600000,10.85221000000
4791428796,1003,village,0,?p S?u,106.16470800000,10.95806600000
4791428797,1003,village,0,?p Vinh,106.19949100000,10.87100700000
4799624541,1004,hamlet,0,?߃׃߃,103.57278240000,13.97185210000
4802455632,1041,county,0,׃߃߃?,102.49886140000,13.43330660000
4812681833,1004,hamlet,0,?߃߃߃,105.07183440000,10.95906780000
4827745496,1003,village,0,?߃߃,102.88957140000,13.64414550000
4827745497,1003,village,0,?߃?,102.78298100000,13.60996750000
4827745498,1003,village,0,?߃?߃׃,102.75728850000,13.56556090000
4827745499,1003,village,0,?߃׃߃߃,102.83284380000,13.53047140000
4827745500,1003,village,0,?߃׃?ש,102.82293300000,13.64966890000
4827745501,1003,village,0,?߃׃߃,102.83519420000,13.72731030000
4827745502,1003,village,0,?߃?ש߃,102.73782020000,13.73740000000
4827818221,1004,hamlet,0,?߃׃߃,102.59286220000,13.64371150000
4827818222,1003,village,0,׃߃߃߃׃߃,102.58548710000,13.64242270000
4827818223,1003,village,0,׃߃߃߃߃߃߃,102.56226880000,13.65972980000
4827818229,1004,hamlet,0,?ש?߃ע,102.57786120000,13.64291340000
4827820023,1003,village,0,׃߃߃߃,102.70039940000,13.63156540000
4827820031,1004,hamlet,0,?߃߃,102.58323360000,13.66418730000
4827820032,1004,hamlet,0,?߃߃ץ,102.59389540000,13.66576200000
4827820035,1004,hamlet,0,?ע߃׃,102.60255980000,13.69268990000
4827820036,1004,hamlet,0,??׽׃߃׃ש,102.62751060000,13.68561960000
4829411970,1003,village,0,׃߃߃߃߃׃߃ף,102.96480680000,13.61758520000
4829411971,1003,village,0,׃߃߃߃߃׃߃ף,103.03680990000,13.57804570000
4829411972,1003,village,0,׃߃߃߃߃,102.96205290000,13.67083180000
4829411973,1003,village,0,׃߃߃?߃,102.93153610000,13.55752980000
4829411974,1003,village,0,׃߃߃߃߃,103.04873520000,13.61740630000
4829411975,1003,village,0,׃߃߃߃߃߃,102.98631530000,13.58283010000
4829411976,1003,village,0,׃߃߃?߃,102.90819560000,13.58198820000
4829411977,1004,hamlet,0,?߃,102.96343520000,13.62231480000
4829411983,1004,hamlet,0,?߃,102.96073540000,13.68720170000
4829411985,1004,hamlet,0,??,102.98141840000,13.67003400000
4829411988,1004,hamlet,0,?߃߃,102.95423140000,13.67029500000
4829412002,1004,hamlet,0,?,102.93650020000,13.58435000000
4829412004,1004,hamlet,0,?߃߃߃,102.93376510000,13.59914400000
4829465806,1003,village,0,?߃߃߃,103.09347190000,14.06943730000
4829465807,1003,village,0,?߃߃߃,102.93552800000,13.99512140000
4829465808,1003,village,0,?߃߃ע,103.05238050000,13.94144760000
4829465809,1003,village,0,?߃߃,103.14806370000,13.88795940000
4829465810,1003,village,0,?߃߃?,103.02610710000,13.98064060000
4829465811,1003,village,0,?߃?߃ש,103.06120330000,13.88934310000
4829465812,1004,hamlet,0,?߃ש,103.05747280000,13.91192930000
4829465813,1004,hamlet,0,?߃ש߃,103.06323840000,13.90735530000
4829465814,1004,hamlet,0,?߃ש߃?,103.06777880000,13.89748340000
4829465925,1004,hamlet,0,?߃߃,103.07103760000,13.88912410000
4829496215,1003,village,0,,103.15492750000,13.81770100000
4829496216,1003,village,0,?߃׃߃,103.11954750000,13.75970600000
4829496217,1003,village,0,?߃׃߃߃,102.84194080000,13.77429350000
4829496218,1003,village,0,?߃׃߃ף߃,102.96287880000,13.80549860000
4829496219,1003,village,0,?߃߃,102.96982630000,13.76995630000
4829496220,1003,village,0,?߃?,103.04725720000,13.76439450000
4829500921,1003,village,0,?߃߃׃,102.94712260000,13.88998820000
4829500922,1003,village,0,?߃ע׃,102.98831130000,13.80359460000
4829545130,1003,village,0,?߃?߃,102.36800250000,13.51311830000
4829545131,1004,hamlet,0,?߃ף,102.35865810000,13.52049940000
4829545132,1004,hamlet,0,?߃߃,102.35505950000,13.52759290000
4829545133,1004,hamlet,0,?߃߃,102.35155200000,13.53511030000
4829545134,1004,hamlet,0,?߃߃?,102.34294760000,13.54553700000
4829545135,1004,hamlet,0,?׃߃߃,102.34567100000,13.55711120000
4829545136,1003,village,0,?߃߃߃,102.36578330000,13.56871690000
4829545137,1003,village,0,?߃?׃߃߃,102.43175220000,13.52408540000
4829545138,1003,village,0,?߃?׃߃߃,102.50179980000,13.52743620000
4829545139,1003,village,0,?߃ע߃,102.59382330000,13.55311440000
4829545140,1003,village,0,?߃߃,102.72529540000,13.50684350000
4830316948,1003,village,0,?߃߃?߃,103.15951960000,12.89664960000
4830316949,1003,village,0,?߃߃?߃,103.11537250000,12.93603080000
4830316950,1003,village,0,?߃߃߃,103.18217590000,12.97697690000
4830316951,1003,village,0,?߃ץ,103.14628570000,12.99681510000
4830316952,1003,village,0,?߃߃߃,103.07157500000,12.85469950000
4830316953,1003,village,0,?߃߃߃׃߃߃,103.08165030000,13.03159040000
4830316954,1003,village,0,?߃׃߃?,103.02979080000,12.95838870000
4830316955,1003,village,0,?߃߃,103.00055320000,13.09716360000
4830316956,1004,hamlet,0,?߃ש,103.04327820000,13.07964560000
4830316957,1004,hamlet,0,??߃,103.02548330000,13.09036420000
4830316958,1004,hamlet,0,??,103.00660030000,13.08538160000
4830316959,1004,hamlet,0,?߃߃,102.99193580000,13.07799200000
4830357539,1003,village,0,?߃?,103.16614270000,13.25806890000
4830357540,1003,village,0,?߃߃?,103.14721930000,13.30715330000
4830357541,1003,village,0,?߃?ש,103.11598970000,13.18245670000
4830357542,1003,village,0,?߃߃߃,103.10650800000,13.11472280000
4830357543,1003,village,0,?߃߃߃?,102.98952100000,13.15996310000
4830357544,1003,village,0,?߃߃߃׃߃߃,103.12381370000,13.36060970000
4830357545,1003,village,0,?߃?߃ש,103.07255150000,13.38296680000
4830357546,1003,village,0,?߃߃߃?߃,103.06751460000,13.24880940000
4830357547,1003,village,0,?߃߃׃߃߃,103.02173930000,13.24625940000
4830357548,1003,village,0,?߃?߃߃,102.98594830000,13.27164290000
4830454316,1003,village,0,׃߃߃ע׻,103.18686260000,13.09336190000
4830454317,1003,village,0,׃߃߃߃߃߃߃׃߃߃,103.21201230000,13.08291640000
4830454318,1003,village,0,׃߃߃߃,103.21382900000,13.10048250000
4830454319,1003,village,0,׃߃߃߃׃߃߃,103.18323810000,13.12027320000
4830454320,1003,village,0,׃߃߃׃߃߃,103.19242820000,13.12724080000
4830454821,1003,village,0,׃߃߃߃??ף,103.19561800000,13.14556530000
4830454822,1003,village,0,׃߃߃?߃߃,103.13445500000,13.07316860000
4830454823,1003,village,0,׃߃߃ף߃,103.17871810000,13.05921910000
4830454824,1003,village,0,??,103.16974620000,13.10271000000
4830454825,1003,village,0,׃߃߃׃߃ף߃߃,103.19678750000,13.09343060000
4830749958,1003,village,0,?߃ף߃,102.87730640000,13.25440520000
4830749959,1003,village,0,?߃߃׃,102.94953430000,13.27346870000
4830749960,1003,village,0,?߃߃ף,102.94976640000,13.33047730000
4830749961,1003,village,0,?߃߃߃߃׃߃,102.76090520000,13.37536350000
4830749962,1003,village,0,?߃߃߃߃ץ,102.74680510000,13.28643100000
4830749963,1003,village,0,?߃߃?߃,102.78287740000,13.12874600000
4830749964,1004,hamlet,0,?߃߃ע,102.87268050000,13.08543110000
4830749966,1003,village,0,?߃߃߃׃,102.82514350000,13.08538710000
4830749967,1003,village,0,?߃?߃߃,102.79421890000,13.19177490000
4831524733,1003,village,0,?߃߃߃߃,103.27447630000,13.29045700000
4831524734,1003,village,0,?߃׃߃߃߃?,103.24016220000,13.15145120000
4831524735,1003,village,0,?߃߃߃߃,103.26674720000,13.18718070000
4831524736,1003,village,0,?߃߃߃߃ע,103.31376910000,13.23926810000
4831524737,1003,village,0,?߃׻,103.19467890000,13.25514450000
4831524738,1003,village,0,?߃߃߃׃߃,103.37190960000,13.34006300000
4831524739,1003,village,0,?߃߃߃שף߃,103.61064030000,13.24588710000
4832482532,1003,village,0,?߃߃׽׃߃׃ש,103.39508980000,12.79184430000
4832482533,1003,village,0,?߃,103.44408990000,12.69022370000
4832482534,1003,village,0,?߃߃߃׃߃ף,103.51730100000,12.68599270000
4832482535,1003,village,0,?߃׽׃߃׃ש߃߃,103.59007880000,12.66312890000
4832482536,1003,village,0,?߃߃߃,103.60674280000,12.90816890000
4832482537,1003,village,0,?߃׃߃,103.47620890000,12.86668800000
4832482538,1003,village,0,?߃߃߃,103.41576170000,12.84124220000
4832482539,1003,village,0,?߃߃߃?,103.38283920000,12.90017040000
4832482540,1003,village,0,?߃׃߃߃,103.38831300000,12.71412320000
4832482541,1003,village,0,?߃׃߃߃,102.88057300000,12.93751620000
4832482542,1003,village,0,?߃߃ץ߃,102.99444520000,12.81049270000
4832482543,1003,village,0,?߃߃?ף׃,102.86690540000,12.78232850000
4832482544,1003,village,0,?߃߃߃,102.89845330000,12.85862830000
4832482545,1003,village,0,?߃߃߃ף,103.23694890000,13.08353350000
4832482546,1003,village,0,?߃,103.21683860000,13.11792910000
4832482547,1003,village,0,?߃߃?,103.38687700000,13.15334440000
4832482548,1003,village,0,?߃,103.38738380000,13.08728070000
4832482549,1003,village,0,?߃߃߃߃߃,103.37366120000,13.03929450000
4832482550,1003,village,0,?߃߃߃߃߃,103.39419020000,12.97404000000
4832540124,1003,village,0,?߃߃߃׃ש,103.25842600000,12.94195190000
4832540125,1003,village,0,?߃?߃߃,103.23421220000,13.01525580000
4832540126,1003,village,0,?߃?߃߃,103.27384840000,13.02838280000
4832540127,1003,village,0,?߃ף߃?,103.20292180000,13.01109860000
4832540128,1003,village,0,?߃߃,102.81046500000,12.46281280000
4832540129,1003,village,0,?߃߃߃߃߃,102.93081010000,12.54052070000
4832540130,1003,village,0,?߃?׃߃,102.95647590000,12.71562990000
4832540131,1003,village,0,?߃׃߃?,102.77637870000,12.55520510000
4832540132,1003,village,0,?߃׃߃?,102.71967360000,12.61703470000
4832540133,1003,village,0,?߃߃,102.78718890000,12.70747720000
4832540134,1003,village,0,?߃׃,102.89287320000,12.64625740000
4832540135,1003,village,0,?߃׃߃߃?,102.61414480000,13.37135430000
4832540136,1003,village,0,?߃߃,102.46796170000,13.36527600000
4832540137,1003,village,0,?߃׃߃,102.43419690000,13.42087300000
4832540138,1003,village,0,?߃׃߃,102.39315860000,13.43677620000
4832540139,1003,village,0,?߃׃ש߃,102.46513880000,13.45241570000
4832540140,1003,village,0,?߃߃߃׃ש,102.46312500000,13.46805170000
4832540141,1003,village,0,?߃߃߃߃?,102.54408860000,13.31521920000
4832540142,1003,village,0,?߃߃߃߃,102.42260100000,13.22166810000
4832540143,1003,village,0,?߃߃ש,102.53230710000,13.35262980000
4832540144,1003,village,0,?߃߃߃߃,102.36430670000,13.35303980000
4832540145,1003,village,0,?߃?߃ע,102.55079830000,13.25974610000
4832540146,1003,village,0,?߃߃߃,102.53571430000,13.03108430000
4832540147,1003,village,0,?߃?߃,102.47864600000,13.09326010000
4832540148,1003,village,0,?߃?,102.55220270000,13.10259690000
4832540149,1003,village,0,?߃߃,102.47530390000,13.13335720000
4832540150,1003,village,0,?߃׃߃,102.46291650000,13.17276310000
4832540151,1003,village,0,?߃߃ש,102.68757640000,13.15676980000
4832540152,1003,village,0,?߃ש,103.24781860000,12.84346720000
4832540153,1003,village,0,?߃׃߃߃,103.26567410000,12.75380670000
4832540154,1003,village,0,?߃߃,103.30558010000,12.78724730000
4832540155,1003,village,0,?߃߃߃?׃,103.26925460000,12.65079300000
4832540156,1003,village,0,?߃?,103.17810850000,12.77576400000
4832540157,1003,village,0,?߃߃߃߃,103.16230040000,12.65142020000
4832540158,1003,village,0,?߃߃߃ש,103.35515110000,12.61318920000
4832540159,1003,village,0,?߃߃߃߃,103.52153130000,12.56439630000
4842913627,1004,hamlet,0,?߃,104.86558240000,11.37376980000
4854995943,1004,hamlet,0,?׃߃߃??,104.77444570000,11.66320220000
4861513642,1004,hamlet,0,?߃?,104.74529020000,10.99821110000
4861513643,1004,hamlet,0,?߃,104.73308410000,11.00230920000
4861513652,1004,hamlet,0,?߃߃߃,104.74161570000,11.00717630000
4861513653,1004,hamlet,0,??,104.74626430000,11.01388690000
4861513654,1004,hamlet,0,?߃׃,104.73077420000,11.02122830000
4861513655,1004,hamlet,0,?߃߃,104.72599310000,11.02766440000
4861513656,1004,hamlet,0,?ש߃߃߃,104.71149850000,11.02861190000
4862089676,1004,hamlet,0,?׃߃߃,104.81708600000,10.80461230000
4862089677,1004,hamlet,0,?߃߃߃߃,104.82004200000,10.80956420000
4862089678,1004,hamlet,0,?׃߃?,104.83002450000,10.81434220000
4862089679,1004,hamlet,0,?߃߃?,104.81849150000,10.82091670000
4862089680,1004,hamlet,0,?߃,104.81651060000,10.82914190000
4862089681,1004,hamlet,0,?߃,104.80937070000,10.80425530000
4862089686,1004,hamlet,0,?߃߃׃߃߃,104.78303830000,10.90461540000
4862089687,1004,hamlet,0,?׃߃߃߃,104.77512570000,10.90094980000
4862089688,1004,hamlet,0,?߃ש?,104.75494860000,10.88952940000
4862089689,1004,hamlet,0,?߃,104.73600480000,10.89113100000
4862089690,1004,hamlet,0,?׃߃߃߃,104.72122480000,10.91106450000
4862089691,1004,hamlet,0,?׃߃ץ,104.72893120000,10.91105500000
4862089692,1004,hamlet,0,?׃߃߃,104.73101660000,10.90687880000
4862089693,1004,hamlet,0,??ץ,104.72753850000,10.90587860000
4862089694,1004,hamlet,0,?߃߃,104.73415640000,10.90272930000
4862089695,1004,hamlet,0,?׃?,104.72808700000,10.90051660000
4862089696,1004,hamlet,0,?߃?׃ץ,104.73546160000,10.89827150000
4862089697,1004,hamlet,0,?߃?׃߃߃,104.72984500000,10.89679960000
4867473711,1004,hamlet,0,?߃׃߃߃߃߃,104.70425680000,11.61829730000
4867473714,1003,village,0,?߃ע߃߃,104.71379450000,11.60955700000
4876424872,1004,hamlet,0,?׃߃߃߃߃,104.70940620000,11.68208570000
4876424873,1004,hamlet,0,?߃,104.70836610000,11.67722600000
4883540493,1004,hamlet,0,?߃߃׃,104.95396350000,11.71645470000
4883540494,1004,hamlet,0,?߃ש׃߃,104.93697860000,11.70120620000
4883540495,1004,hamlet,0,?߃߃ץ,104.92450990000,11.68580670000
4883540496,1004,hamlet,0,?߃߃,104.92945320000,11.69268990000
4883540497,1003,village,0,׃߃߃߃߃,104.93281560000,11.70334280000
4883540498,1004,hamlet,0,?߃߃߃,104.88871170000,11.64376710000
4883540499,1004,hamlet,0,?߃,104.91434790000,11.65825570000
4883540500,1004,hamlet,0,?߃߃߃,104.92710400000,11.62021350000
4883540501,1004,hamlet,0,?߃߃߃,104.93313840000,11.60104620000
4883705463,1004,hamlet,0,?߃߃߃,103.73417650000,13.53898740000
4887720736,1004,hamlet,0,?߃?,104.72147720000,11.17308050000
4887720737,1004,hamlet,0,?߃ףף,104.72133410000,11.18164920000
4887720738,1004,hamlet,0,?߃߃߃߃,104.70577920000,11.19255710000
4887720739,1004,hamlet,0,?߃߃?,104.69468380000,11.19656910000
4889402003,1003,village,0,Ph??c Th?nh,105.94435740000,11.38458900000
4889490756,1004,hamlet,0,?߃߃,104.71509970000,11.61668920000
4891632915,1004,hamlet,0,?߃߃߃,104.67549680000,11.51594500000
4891632916,1003,village,0,?߃߃߃߃,104.67375860000,11.51846070000
4891729452,1003,village,0,?߃?,105.04919860000,11.61161130000
4891729453,1004,hamlet,0,??,105.05253390000,11.60746210000
4891729462,1004,hamlet,0,?߃߃,105.06311000000,11.61745280000
4897280806,1004,hamlet,0,?߃߃׃߃,105.05866230000,11.68536230000
4907542986,1004,hamlet,0,?߃߃߃߃߃ש,104.81972900000,10.78854330000
4908975228,1004,hamlet,0,?߃߃׃߃߃,104.79167200000,10.79025650000
4910324409,1004,hamlet,0,?ש߃߃߃߃,105.15383180000,11.53020320000
4910324411,1003,village,0,?߃?߃,105.18871090000,11.51071590000
4910324420,1004,hamlet,0,?߃߃߃?,105.16446870000,11.52840930000
4910325941,1003,village,0,?߃?߃?߃,105.17019390000,11.47959810000
4910325944,1003,village,0,?߃?߃߃,105.14107050000,11.49704980000
4923747387,1004,hamlet,0,?߃߃,104.82403770000,11.57429720000
4923747395,1004,hamlet,0,?,104.83300530000,11.58373760000
4923747396,1004,hamlet,0,?ף߃߃,104.83858800000,11.58159610000
4934944330,1050,locality,0,׃߃ש߃߃?߃,104.02653190000,10.62429450000
4934951624,1050,locality,0,߃߃߃ש,104.06171320000,10.73541550000
4950138776,1003,village,0,,103.41682750000,13.58884530000
4955733695,1003,village,0,Sovann Sakor,104.19204000000,10.60656690000
4965978354,1004,hamlet,0,?ע߃߃,104.17733950000,12.30399840000
4965978355,1004,hamlet,0,?׃߃,104.18225920000,12.30190190000
4991729224,1004,hamlet,0,?߃߃׃ש,103.19349460000,13.05719790000
4991729252,1004,hamlet,0,?߃߃׃ש,103.19349460000,13.05719790000
4991815875,1004,hamlet,0,?߃׃,103.15760030000,13.00707910000
4991815878,1004,hamlet,0,?߃߃,103.16078020000,12.99779160000
5022952767,1050,locality,0,Veal Veng Circle,103.10173810000,12.30517620000
5023074679,1003,village,0,߃߃,104.00329260000,13.35510140000
5035207203,1041,county,0,?߃.ש,105.04772900000,11.50044250000
5035207206,1003,village,0,߃ ?.ע߃߃,105.04792210000,11.50178820000
5036806714,1004,hamlet,0,?׃߃߃߃ףף,103.99579810000,13.57946300000
5036806723,1004,hamlet,0,?,104.25590930000,13.61046100000
5036806731,1004,hamlet,0,?߃߃,104.89025850000,13.78356580000
5039499307,1041,county,0,?߃߃߃,104.67876300000,12.25929110000
5043864565,1003,village,0,Prey Toting,105.32578830000,12.09611240000
5047663667,1004,hamlet,0,?߃߃߃߃ש,103.83584720000,13.49502120000
5047663668,1003,village,0,?߃ץ,103.76731340000,13.54893000000
5047663669,1003,village,0,?߃߃׃߃߃,103.89489410000,13.61500820000
5049022401,1004,hamlet,0,?߃߃,104.88834330000,11.34329170000
5049022402,1004,hamlet,0,?߃ף߃׃,104.87579190000,11.33882680000
5049022403,1004,hamlet,0,?߃߃׃߃߃,104.87345300000,11.33474530000
5049022404,1004,hamlet,0,?߃׃,104.89958850000,11.33493460000
5049022405,1004,hamlet,0,?߃?,104.90282860000,11.33022180000
5049022406,1004,hamlet,0,?߃߃߃,104.90885820000,11.31713500000
5049022407,1004,hamlet,0,?߃߃,104.91593920000,11.32016480000
5049022408,1004,hamlet,0,?߃?,104.91516670000,11.32571930000
5056506868,1004,hamlet,0,?߃߃߃߃,104.98278890000,11.53332090000
5056506869,1004,hamlet,0,?߃߃׻,104.98934480000,11.53250390000
5056506870,1004,hamlet,0,?߃߃߃,104.98807770000,11.53597030000
5056506871,1004,hamlet,0,?߃,104.98753310000,11.52553540000
5056506872,1004,hamlet,0,?߃߃߃߃,104.98468510000,11.49736530000
5061298386,1004,hamlet,0,?߃߃,104.86851530000,10.64438130000
5061298387,1004,hamlet,0,?߃߃,104.83979970000,10.55279880000
5061298388,1004,hamlet,0,?׃שש,104.84410470000,10.55386000000
5061298389,1004,hamlet,0,?ץ߃߃,104.84440560000,10.55782380000
5061298390,1004,hamlet,0,?ץ߃߃,104.84773430000,10.55989210000
5061298391,1004,hamlet,0,?׃߃,104.85276140000,10.56217890000
5061298392,1004,hamlet,0,??ש߃,104.85334450000,10.56741570000
5061298393,1004,hamlet,0,?߃ש,104.85898230000,10.57038810000
5061298394,1004,hamlet,0,?߃,104.86718940000,10.57368710000
5061298395,1004,hamlet,0,?׃߃߃߃׃,104.87123710000,10.57726410000
5061298396,1004,hamlet,0,?ע߃,104.87679250000,10.58090690000
5061298397,1004,hamlet,0,?׃߃߃߃ע,104.89483930000,10.55678420000
5061298414,1004,hamlet,0,?߃߃߃?,104.87573570000,10.59249460000
5065983521,1004,hamlet,0,,107.32645280000,13.91109430000
5082440536,1004,hamlet,0,?߃߃߃߃ע,104.73935370000,11.17975490000
5098471725,1004,hamlet,0,? ߃߃,104.73298110000,11.50952330000
5103712921,1004,hamlet,0,? ߃߃ף߃,104.72794520000,11.51260100000
5103713022,1004,hamlet,0,? ׃߃߃ש,104.73208640000,11.52324930000
5103713121,1004,hamlet,0,? ߃߃ע,104.73294210000,11.51711000000
5122640686,1003,village,0,Tang Krasang,105.04668290000,12.56751750000
5137567647,1004,hamlet,0,?߃߃߃߃,105.82992400000,11.63594630000
5137567648,1004,hamlet,0,?ף߃߃ ׃߃߃߃ש ߃ ׃߃,105.82487420000,11.63223450000
5155092342,1004,hamlet,0,?׃߃߃ף,104.84078410000,11.59506310000
5155092343,1004,hamlet,0,?߃߃?,104.83724680000,11.59188900000
5164057521,1010,suburb,0,Koh Touch Commune,104.14510650000,10.74481900000
5181117260,1050,locality,0,Parrot's Beak,106.19004190000,10.79079100000
5181815786,1003,village,0,Peam Montea,105.50003530000,10.95504340000
5181815787,1003,village,0,Ph??c Ti?n,105.49932720000,10.95194660000
5207063164,1050,locality,0,Varin District,103.91664370000,13.75010980000
5214855224,1003,village,0,?߃ע׃,103.83477110000,13.36489000000
5216937745,1003,village,0,Svay Chuk,104.67093230000,12.15523100000
5229038834,1002,town,0,Anlong Thom,104.16600110000,13.53823060000
5235538302,1004,hamlet,0,?߃?߃߃,104.89938890000,11.42094910000
5235538303,1004,hamlet,0,?߃߃,104.89838040000,11.40914950000
5235576817,1004,hamlet,0,?,104.87955640000,11.40660640000
5235576818,1004,hamlet,0,?߃߃,104.88103700000,11.40073790000
5235576819,1004,hamlet,0,?߃,104.86938560000,11.40729000000
5235576820,1004,hamlet,0,?߃߃,104.86498680000,11.39990700000
5235577021,1004,hamlet,0,?߃׃߃߃,104.85623210000,11.40382460000
5235577022,1004,hamlet,0,?,104.85030970000,11.39975980000
5296642089,1003,village,0,Prateah Lang,104.79139000000,11.46834440000
5300510623,1050,locality,0,߃߃,105.81082530000,12.27163620000
5369513702,1004,hamlet,0,?߃߃߃߃߃,105.12604340000,11.84642600000
5369513703,1004,hamlet,0,?߃߃߃ץ,105.13183700000,11.85136110000
5378332528,1003,village,4876,Angkor Chey,105.73427760000,11.88671290000
5380492818,1003,village,3796,Ponley Phsar,105.72802040000,11.83119030000
5390744724,1003,village,3407,Riev,105.63533130000,11.88456650000
5390754060,1003,village,2663,Stueng Penh,105.59080480000,11.87411760000
5390774143,1003,village,5157,Tuol Vihear,105.52666480000,11.95743250000
5390789958,1003,village,5724,Prek Kak,105.53052260000,12.22587390000
5409256415,1004,hamlet,0,?߃,104.76245430000,11.45594100000
5437973086,1004,hamlet,0,Phum Bos Sa-am,102.59970850000,12.90254060000
5493955891,1004,hamlet,0,߃׃߃߃ף,104.67585550000,14.39893670000
5493981190,1004,hamlet,0,߃׃߃߃ף,104.67585550000,14.39893670000
5496852784,1003,village,0,߃߃?߃,104.11105860000,13.56587090000
5496853020,1004,hamlet,0,,104.13527730000,13.58512940000
5548028377,1004,hamlet,0,?߃?,105.76112330000,11.84852200000
5548028378,1004,hamlet,0,?߃,105.73785270000,11.86350930000
5552805015,1020,island,0,߃߃,106.04201920000,13.67149500000
5552805016,1020,island,0,߃߃׃߃߃,106.01867330000,13.64497270000
5552805017,1020,island,0,߃߃׃߃߃,106.02998150000,13.66194570000
5557711890,1003,village,160,Ban Houy,106.35294640000,14.02744960000
5560857480,1004,hamlet,0,?߃߃,104.76836830000,11.74878380000
5564014632,1004,hamlet,0,?߃߃׃߃߃,103.91216700000,10.63985360000
5575318861,1003,village,0,?߃߃׃߃,105.82341690000,11.53051970000
5575320470,1004,hamlet,0,?߃׃߃,105.86733770000,11.50113650000
5575440004,1004,hamlet,0,?׃߃ף,104.79144420000,11.67529340000
5575440005,1004,hamlet,0,?׃߃?߃,104.78376790000,11.67260360000
5575516065,1004,hamlet,0,?߃׃,104.79701130000,11.67696570000
5575516066,1004,hamlet,0,?,104.79595990000,11.68129440000
5575516067,1004,hamlet,0,,104.79724730000,11.68675780000
5575516068,1004,hamlet,0,?߃,104.79023070000,11.69117050000
5575764151,1004,hamlet,0,?ש߃,104.79838460000,11.72296060000
5575765627,1004,hamlet,0,?߃߃׃߃,104.78854090000,11.72711010000
5582355646,1003,village,0,?߃׃߃߃,105.14933950000,12.06072740000
5600022469,1004,hamlet,0,,104.03171860000,10.55730160000
5622733662,1004,hamlet,0,?߃߃߃߃,104.42255330000,11.75353250000
5642493378,1003,village,0,Don Lo,106.35999450000,14.04498090000
5643599521,1004,hamlet,0,Okrak,105.96191260000,13.20491610000
5684429933,1004,hamlet,0,?,104.78664770000,11.19667670000
5747441319,1003,village,0,X? B?nh T?n,105.90634530000,10.83171260000
5747441321,1003,village,0,Th?nh Tr?,105.98235880000,10.85933200000
